ab	4,0,0.0004313691657320335,7.420599584446424e-05
above	2,5,0.0002588214994392201,0.0004452359750667854
absolutely	0,1,8.62738331464067e-05,0.00014841199168892847
absorb	0,1,8.62738331464067e-05,0.00014841199168892847
abuse	0,1,8.62738331464067e-05,0.00014841199168892847
acce	0,1,8.62738331464067e-05,0.00014841199168892847
accept	0,3,8.62738331464067e-05,0.00029682398337785694
accepted	0,1,8.62738331464067e-05,0.00014841199168892847
accepting	0,2,8.62738331464067e-05,0.0002226179875333927
accomodates	1,0,0.0001725476662928134,7.420599584446424e-05
accompanied	1,0,0.0001725476662928134,7.420599584446424e-05
accounts	0,1,8.62738331464067e-05,0.00014841199168892847
accurate	1,0,0.0001725476662928134,7.420599584446424e-05
aches	0,1,8.62738331464067e-05,0.00014841199168892847
achieved	1,0,0.0001725476662928134,7.420599584446424e-05
acrobat	0,1,8.62738331464067e-05,0.00014841199168892847
across	5,4,0.0005176429988784402,0.00037102997922232116
act	0,3,8.62738331464067e-05,0.00029682398337785694
activate	0,4,8.62738331464067e-05,0.00037102997922232116
active	1,0,0.0001725476662928134,7.420599584446424e-05
activities	7,0,0.0006901906651712536,7.420599584446424e-05
actor	0,1,8.62738331464067e-05,0.00014841199168892847
adage	0,1,8.62738331464067e-05,0.00014841199168892847
adapted	0,1,8.62738331464067e-05,0.00014841199168892847
add	2,6,0.0002588214994392201,0.0005194419709112497
added	0,2,8.62738331464067e-05,0.0002226179875333927
adding	0,2,8.62738331464067e-05,0.0002226179875333927
additionally	1,1,0.0001725476662928134,0.00014841199168892847
adhesion	0,1,8.62738331464067e-05,0.00014841199168892847
adm	1,0,0.0001725476662928134,7.420599584446424e-05
adobe	0,12,8.62738331464067e-05,0.000964677945978035
ads	0,5,8.62738331464067e-05,0.0004452359750667854
adv	0,1,8.62738331464067e-05,0.00014841199168892847
advanced	0,1,8.62738331464067e-05,0.00014841199168892847
advantage	1,0,0.0001725476662928134,7.420599584446424e-05
advertisements	0,1,8.62738331464067e-05,0.00014841199168892847
advise	2,0,0.0002588214994392201,7.420599584446424e-05
advocates	1,0,0.0001725476662928134,7.420599584446424e-05
aec	2,0,0.0002588214994392201,7.420599584446424e-05
aeopublishing	0,19,8.62738331464067e-05,0.0014841199168892847
affairs	1,0,0.0001725476662928134,7.420599584446424e-05
affiliate	0,1,8.62738331464067e-05,0.00014841199168892847
afraid	1,3,0.0001725476662928134,0.00029682398337785694
afternoon	3,1,0.0003450953325856268,0.00014841199168892847
agendas	1,0,0.0001725476662928134,7.420599584446424e-05
agonizing	0,1,8.62738331464067e-05,0.00014841199168892847
agree	1,1,0.0001725476662928134,0.00014841199168892847
aids	1,0,0.0001725476662928134,7.420599584446424e-05
alex	4,0,0.0004313691657320335,7.420599584446424e-05
allay	0,1,8.62738331464067e-05,0.00014841199168892847
allocate	1,0,0.0001725476662928134,7.420599584446424e-05
allocation	5,0,0.0005176429988784402,7.420599584446424e-05
allow	4,5,0.0004313691657320335,0.0004452359750667854
alpra	0,1,8.62738331464067e-05,0.00014841199168892847
already	8,3,0.0007764644983176603,0.00029682398337785694
always	0,6,8.62738331464067e-05,0.0005194419709112497
amigo	0,1,8.62738331464067e-05,0.00014841199168892847
amount	1,1,0.0001725476662928134,0.00014841199168892847
amy	0,2,8.62738331464067e-05,0.0002226179875333927
an	20,41,0.0018117504960745406,0.003116651825467498
analyses	1,0,0.0001725476662928134,7.420599584446424e-05
analyze	0,1,8.62738331464067e-05,0.00014841199168892847
anita	2,0,0.0002588214994392201,7.420599584446424e-05
annoy	0,1,8.62738331464067e-05,0.00014841199168892847
annoying	1,0,0.0001725476662928134,7.420599584446424e-05
anonymously	0,1,8.62738331464067e-05,0.00014841199168892847
another	6,7,0.0006039168320248468,0.0005936479667557139
answers	0,5,8.62738331464067e-05,0.0004452359750667854
antoine	1,0,0.0001725476662928134,7.420599584446424e-05
anywhere	0,3,8.62738331464067e-05,0.00029682398337785694
apologies	1,1,0.0001725476662928134,0.00014841199168892847
appear	4,1,0.0004313691657320335,0.00014841199168892847
applied	5,0,0.0005176429988784402,7.420599584446424e-05
approach	1,1,0.0001725476662928134,0.00014841199168892847
appropriate	3,0,0.0003450953325856268,7.420599584446424e-05
arbitrage	4,0,0.0004313691657320335,7.420599584446424e-05
architect	0,1,8.62738331464067e-05,0.00014841199168892847
archive	0,1,8.62738331464067e-05,0.00014841199168892847
are	55,84,0.004831334656198775,0.00630750964677946
argentine	4,0,0.0004313691657320335,7.420599584446424e-05
arizona	1,0,0.0001725476662928134,7.420599584446424e-05
ark	0,1,8.62738331464067e-05,0.00014841199168892847
arrangements	0,2,8.62738331464067e-05,0.0002226179875333927
arrest	0,2,8.62738331464067e-05,0.0002226179875333927
arrival	1,0,0.0001725476662928134,7.420599584446424e-05
art	0,2,8.62738331464067e-05,0.0002226179875333927
articles	0,1,8.62738331464067e-05,0.00014841199168892847
asia	0,1,8.62738331464067e-05,0.00014841199168892847
assault	0,1,8.62738331464067e-05,0.00014841199168892847
assays	0,1,8.62738331464067e-05,0.00014841199168892847
assembly	1,0,0.0001725476662928134,7.420599584446424e-05
assist	0,3,8.62738331464067e-05,0.00029682398337785694
assortment	0,1,8.62738331464067e-05,0.00014841199168892847
assume	1,0,0.0001725476662928134,7.420599584446424e-05
assumption	1,0,0.0001725476662928134,7.420599584446424e-05
at	57,66,0.005003882322491588,0.004971801721579103
atreus	0,1,8.62738331464067e-05,0.00014841199168892847
attendance	2,0,0.0002588214994392201,7.420599584446424e-05
australia	2,7,0.0002588214994392201,0.0005936479667557139
australiasds	0,1,8.62738331464067e-05,0.00014841199168892847
automatically	1,3,0.0001725476662928134,0.00029682398337785694
availability	0,2,8.62738331464067e-05,0.0002226179875333927
avoid	3,5,0.0003450953325856268,0.0004452359750667854
avoided	1,0,0.0001725476662928134,7.420599584446424e-05
await	0,2,8.62738331464067e-05,0.0002226179875333927
awaking	0,1,8.62738331464067e-05,0.00014841199168892847
aware	1,0,0.0001725476662928134,7.420599584446424e-05
awesome	1,0,0.0001725476662928134,7.420599584446424e-05
axel	2,0,0.0002588214994392201,7.420599584446424e-05
azurix	10,0,0.0009490121646104736,7.420599584446424e-05
baby	0,2,8.62738331464067e-05,0.0002226179875333927
background	2,7,0.0002588214994392201,0.0005936479667557139
backup	2,0,0.0002588214994392201,7.420599584446424e-05
bade	0,1,8.62738331464067e-05,0.00014841199168892847
baggage	0,1,8.62738331464067e-05,0.00014841199168892847
bail	2,0,0.0002588214994392201,7.420599584446424e-05
banging	0,1,8.62738331464067e-05,0.00014841199168892847
banker	2,0,0.0002588214994392201,7.420599584446424e-05
bannerco	0,3,8.62738331464067e-05,0.00029682398337785694
bar	0,1,8.62738331464067e-05,0.00014841199168892847
barely	0,1,8.62738331464067e-05,0.00014841199168892847
base	0,1,8.62738331464067e-05,0.00014841199168892847
basically	0,1,8.62738331464067e-05,0.00014841199168892847
bd	0,5,8.62738331464067e-05,0.0004452359750667854
bdf	0,1,8.62738331464067e-05,0.00014841199168892847
beard	0,1,8.62738331464067e-05,0.00014841199168892847
beck	3,0,0.0003450953325856268,7.420599584446424e-05
bedfellow	0,1,8.62738331464067e-05,0.00014841199168892847
beds	0,3,8.62738331464067e-05,0.00029682398337785694
before	7,11,0.0006901906651712536,0.0008904719501335708
beginning	1,3,0.0001725476662928134,0.00029682398337785694
believable	0,2,8.62738331464067e-05,0.0002226179875333927
believe	5,6,0.0005176429988784402,0.0005194419709112497
below	6,7,0.0006039168320248468,0.0005936479667557139
bendickson	0,2,8.62738331464067e-05,0.0002226179875333927
benedicta	0,2,8.62738331464067e-05,0.0002226179875333927
benson	0,1,8.62738331464067e-05,0.00014841199168892847
beware	0,1,8.62738331464067e-05,0.00014841199168892847
bid	1,0,0.0001725476662928134,7.420599584446424e-05
big	3,6,0.0003450953325856268,0.0005194419709112497
biggest	0,1,8.62738331464067e-05,0.00014841199168892847
bills	2,0,0.0002588214994392201,7.420599584446424e-05
biwven	0,1,8.62738331464067e-05,0.00014841199168892847
bless	0,2,8.62738331464067e-05,0.0002226179875333927
blessed	0,2,8.62738331464067e-05,0.0002226179875333927
blood	0,1,8.62738331464067e-05,0.00014841199168892847
bmf	0,1,8.62738331464067e-05,0.00014841199168892847
bodies	0,1,8.62738331464067e-05,0.00014841199168892847
bold	0,2,8.62738331464067e-05,0.0002226179875333927
bombs	0,1,8.62738331464067e-05,0.00014841199168892847
bonds	2,0,0.0002588214994392201,7.420599584446424e-05
bone	0,1,8.62738331464067e-05,0.00014841199168892847
boosts	0,1,8.62738331464067e-05,0.00014841199168892847
booth	1,0,0.0001725476662928134,7.420599584446424e-05
booze	0,1,8.62738331464067e-05,0.00014841199168892847
borland	0,1,8.62738331464067e-05,0.00014841199168892847
both	5,7,0.0005176429988784402,0.0005936479667557139
boy	0,2,8.62738331464067e-05,0.0002226179875333927
bp	3,0,0.0003450953325856268,7.420599584446424e-05
brainstorm	1,0,0.0001725476662928134,7.420599584446424e-05
brand	0,1,8.62738331464067e-05,0.00014841199168892847
branded	0,1,8.62738331464067e-05,0.00014841199168892847
branding	0,1,8.62738331464067e-05,0.00014841199168892847
breath	0,4,8.62738331464067e-05,0.00037102997922232116
bredd	1,0,0.0001725476662928134,7.420599584446424e-05
brings	2,2,0.0002588214994392201,0.0002226179875333927
broker	0,1,8.62738331464067e-05,0.00014841199168892847
brown	1,2,0.0001725476662928134,0.0002226179875333927
bryan	1,0,0.0001725476662928134,7.420599584446424e-05
buchsbaum	1,0,0.0001725476662928134,7.420599584446424e-05
build	0,5,8.62738331464067e-05,0.0004452359750667854
building	3,2,0.0003450953325856268,0.0002226179875333927
bullet	0,5,8.62738331464067e-05,0.0004452359750667854
bulleted	0,2,8.62738331464067e-05,0.0002226179875333927
burton	6,0,0.0006039168320248468,7.420599584446424e-05
bus	2,1,0.0002588214994392201,0.00014841199168892847
business	20,20,0.0018117504960745406,0.001558325912733749
businesses	0,4,8.62738331464067e-05,0.00037102997922232116
businessopps	0,1,8.62738331464067e-05,0.00014841199168892847
bussell	1,0,0.0001725476662928134,7.420599584446424e-05
butler	1,0,0.0001725476662928134,7.420599584446424e-05
buy	1,3,0.0001725476662928134,0.00029682398337785694
buybacks	1,0,0.0001725476662928134,7.420599584446424e-05
buying	1,0,0.0001725476662928134,7.420599584446424e-05
by	52,57,0.004572513156759554,0.0043039477589789255
c	5,10,0.0005176429988784402,0.0008162659542891065
caboose	0,1,8.62738331464067e-05,0.00014841199168892847
calamity	0,2,8.62738331464067e-05,0.0002226179875333927
calpine	3,0,0.0003450953325856268,7.420599584446424e-05
camp	7,0,0.0006901906651712536,7.420599584446424e-05
can	30,49,0.0026744888275386076,0.0037102997922232117
canada	4,0,0.0004313691657320335,7.420599584446424e-05
cano	0,1,8.62738331464067e-05,0.00014841199168892847
capacity	2,0,0.0002588214994392201,7.420599584446424e-05
capitalize	0,1,8.62738331464067e-05,0.00014841199168892847
cards	1,4,0.0001725476662928134,0.00037102997922232116
care	2,5,0.0002588214994392201,0.0004452359750667854
careful	0,1,8.62738331464067e-05,0.00014841199168892847
cat	0,2,8.62738331464067e-05,0.0002226179875333927
catalyze	2,0,0.0002588214994392201,7.420599584446424e-05
catchy	0,1,8.62738331464067e-05,0.00014841199168892847
caught	0,1,8.62738331464067e-05,0.00014841199168892847
cc	37,0,0.0032784056595634545,7.420599584446424e-05
cellulite	0,1,8.62738331464067e-05,0.00014841199168892847
cemented	0,1,8.62738331464067e-05,0.00014841199168892847
cent	1,0,0.0001725476662928134,7.420599584446424e-05
ceos	0,1,8.62738331464067e-05,0.00014841199168892847
cernosek	1,0,0.0001725476662928134,7.420599584446424e-05
cha	0,1,8.62738331464067e-05,0.00014841199168892847
chambers	1,0,0.0001725476662928134,7.420599584446424e-05
changed	0,1,8.62738331464067e-05,0.00014841199168892847
changes	4,0,0.0004313691657320335,7.420599584446424e-05
changing	0,1,8.62738331464067e-05,0.00014841199168892847
channel	0,1,8.62738331464067e-05,0.00014841199168892847
char	0,1,8.62738331464067e-05,0.00014841199168892847
charge	3,5,0.0003450953325856268,0.0004452359750667854
chartroom	0,1,8.62738331464067e-05,0.00014841199168892847
charts	2,0,0.0002588214994392201,7.420599584446424e-05
chatham	1,0,0.0001725476662928134,7.420599584446424e-05
cheap	0,1,8.62738331464067e-05,0.00014841199168892847
check	1,1,0.0001725476662928134,0.00014841199168892847
checking	1,3,0.0001725476662928134,0.00029682398337785694
chewing	0,2,8.62738331464067e-05,0.0002226179875333927
child	0,3,8.62738331464067e-05,0.00029682398337785694
chinese	0,1,8.62738331464067e-05,0.00014841199168892847
chip	0,1,8.62738331464067e-05,0.00014841199168892847
chisholm	0,1,8.62738331464067e-05,0.00014841199168892847
cholesterol	0,1,8.62738331464067e-05,0.00014841199168892847
chris	1,0,0.0001725476662928134,7.420599584446424e-05
christine	1,0,0.0001725476662928134,7.420599584446424e-05
chunk	1,0,0.0001725476662928134,7.420599584446424e-05
cigars	0,1,8.62738331464067e-05,0.00014841199168892847
cinergy	1,0,0.0001725476662928134,7.420599584446424e-05
citizens	0,2,8.62738331464067e-05,0.0002226179875333927
city	0,5,8.62738331464067e-05,0.0004452359750667854
civilizirano	0,1,8.62738331464067e-05,0.00014841199168892847
ckgby	0,1,8.62738331464067e-05,0.00014841199168892847
ckily	0,1,8.62738331464067e-05,0.00014841199168892847
claims	0,2,8.62738331464067e-05,0.0002226179875333927
clare	1,0,0.0001725476662928134,7.420599584446424e-05
clarification	1,0,0.0001725476662928134,7.420599584446424e-05
clark	1,0,0.0001725476662928134,7.420599584446424e-05
class	0,2,8.62738331464067e-05,0.0002226179875333927
classes	1,0,0.0001725476662928134,7.420599584446424e-05
classic	0,1,8.62738331464067e-05,0.00014841199168892847
clear	2,7,0.0002588214994392201,0.0005936479667557139
clearing	0,1,8.62738331464067e-05,0.00014841199168892847
clem	1,0,0.0001725476662928134,7.420599584446424e-05
clemons	0,1,8.62738331464067e-05,0.00014841199168892847
client	1,0,0.0001725476662928134,7.420599584446424e-05
clinging	0,1,8.62738331464067e-05,0.00014841199168892847
close	3,1,0.0003450953325856268,0.00014841199168892847
closure	0,1,8.62738331464067e-05,0.00014841199168892847
clu	0,1,8.62738331464067e-05,0.00014841199168892847
cmenergy	1,0,0.0001725476662928134,7.420599584446424e-05
co	3,2,0.0003450953325856268,0.0002226179875333927
coaching	1,0,0.0001725476662928134,7.420599584446424e-05
coastenergy	1,0,0.0001725476662928134,7.420599584446424e-05
cohen	0,1,8.62738331464067e-05,0.00014841199168892847
coleman	1,0,0.0001725476662928134,7.420599584446424e-05
colloquy	0,1,8.62738331464067e-05,0.00014841199168892847
color	18,1,0.0016392028297817272,0.00014841199168892847
colored	2,0,0.0002588214994392201,7.420599584446424e-05
colour	0,1,8.62738331464067e-05,0.00014841199168892847
combo	0,1,8.62738331464067e-05,0.00014841199168892847
comclick	0,1,8.62738331464067e-05,0.00014841199168892847
come	5,7,0.0005176429988784402,0.0005936479667557139
commenced	1,0,0.0001725476662928134,7.420599584446424e-05
commentaries	0,1,8.62738331464067e-05,0.00014841199168892847
comments	0,5,8.62738331464067e-05,0.0004452359750667854
commission	1,1,0.0001725476662928134,0.00014841199168892847
commodity	6,1,0.0006039168320248468,0.00014841199168892847
communicate	2,0,0.0002588214994392201,7.420599584446424e-05
communication	5,3,0.0005176429988784402,0.00029682398337785694
communities	3,0,0.0003450953325856268,7.420599584446424e-05
company	7,8,0.0006901906651712536,0.0006678539626001781
compared	0,1,8.62738331464067e-05,0.00014841199168892847
compensation	2,0,0.0002588214994392201,7.420599584446424e-05
competing	1,0,0.0001725476662928134,7.420599584446424e-05
completed	1,1,0.0001725476662928134,0.00014841199168892847
completely	0,2,8.62738331464067e-05,0.0002226179875333927
completing	1,0,0.0001725476662928134,7.420599584446424e-05
computer	0,6,8.62738331464067e-05,0.0005194419709112497
concern	1,0,0.0001725476662928134,7.420599584446424e-05
concerning	3,4,0.0003450953325856268,0.00037102997922232116
concluding	0,2,8.62738331464067e-05,0.0002226179875333927
confirmations	4,0,0.0004313691657320335,7.420599584446424e-05
confuses	0,1,8.62738331464067e-05,0.00014841199168892847
confusing	0,1,8.62738331464067e-05,0.00014841199168892847
congratulations	3,0,0.0003450953325856268,7.420599584446424e-05
connie	1,0,0.0001725476662928134,7.420599584446424e-05
conscience	0,1,8.62738331464067e-05,0.00014841199168892847
consider	3,1,0.0003450953325856268,0.00014841199168892847
considered	0,1,8.62738331464067e-05,0.00014841199168892847
consistent	1,0,0.0001725476662928134,7.420599584446424e-05
consisting	0,1,8.62738331464067e-05,0.00014841199168892847
consolidation	2,1,0.0002588214994392201,0.00014841199168892847
construction	1,0,0.0001725476662928134,7.420599584446424e-05
consumer	3,0,0.0003450953325856268,7.420599584446424e-05
continued	1,2,0.0001725476662928134,0.0002226179875333927
continues	2,1,0.0002588214994392201,0.00014841199168892847
continuing	1,0,0.0001725476662928134,7.420599584446424e-05
conversations	1,0,0.0001725476662928134,7.420599584446424e-05
convincible	0,1,8.62738331464067e-05,0.00014841199168892847
cool	3,0,0.0003450953325856268,7.420599584446424e-05
coordinating	1,0,0.0001725476662928134,7.420599584446424e-05
copartnery	0,1,8.62738331464067e-05,0.00014841199168892847
coreldraw	0,2,8.62738331464067e-05,0.0002226179875333927
corey	0,1,8.62738331464067e-05,0.00014841199168892847
cornet	0,1,8.62738331464067e-05,0.00014841199168892847
corporate	7,1,0.0006901906651712536,0.00014841199168892847
corporation	2,2,0.0002588214994392201,0.0002226179875333927
correction	1,1,0.0001725476662928134,0.00014841199168892847
cost	4,3,0.0004313691657320335,0.00029682398337785694
costed	0,1,8.62738331464067e-05,0.00014841199168892847
cotroneo	1,0,0.0001725476662928134,7.420599584446424e-05
cough	0,1,8.62738331464067e-05,0.00014841199168892847
couple	0,2,8.62738331464067e-05,0.0002226179875333927
course	0,8,8.62738331464067e-05,0.0006678539626001781
courtesy	0,1,8.62738331464067e-05,0.00014841199168892847
cover	1,0,0.0001725476662928134,7.420599584446424e-05
cowry	0,1,8.62738331464067e-05,0.00014841199168892847
craft	0,1,8.62738331464067e-05,0.00014841199168892847
crawled	0,1,8.62738331464067e-05,0.00014841199168892847
creativity	1,0,0.0001725476662928134,7.420599584446424e-05
credi	0,1,8.62738331464067e-05,0.00014841199168892847
creditors	2,1,0.0002588214994392201,0.00014841199168892847
credits	1,0,0.0001725476662928134,7.420599584446424e-05
critical	9,0,0.000862738331464067,7.420599584446424e-05
critique	0,1,8.62738331464067e-05,0.00014841199168892847
crowd	0,2,8.62738331464067e-05,0.0002226179875333927
cst	1,0,0.0001725476662928134,7.420599584446424e-05
cultural	1,0,0.0001725476662928134,7.420599584446424e-05
cures	0,1,8.62738331464067e-05,0.00014841199168892847
curio	0,1,8.62738331464067e-05,0.00014841199168892847
current	4,4,0.0004313691657320335,0.00037102997922232116
customer	1,15,0.0001725476662928134,0.0011872959335114278
daily	2,1,0.0002588214994392201,0.00014841199168892847
damorgarjr	0,1,8.62738331464067e-05,0.00014841199168892847
daniel	2,0,0.0002588214994392201,7.420599584446424e-05
daren	7,0,0.0006901906651712536,7.420599584446424e-05
darren	2,0,0.0002588214994392201,7.420599584446424e-05
date	2,0,0.0002588214994392201,7.420599584446424e-05
dawn	0,1,8.62738331464067e-05,0.00014841199168892847
day	9,8,0.000862738331464067,0.0006678539626001781
dcoit	0,1,8.62738331464067e-05,0.00014841199168892847
de	0,2,8.62738331464067e-05,0.0002226179875333927
deadline	2,4,0.0002588214994392201,0.00037102997922232116
dean	0,1,8.62738331464067e-05,0.00014841199168892847
dec	6,0,0.0006039168320248468,7.420599584446424e-05
decision	1,0,0.0001725476662928134,7.420599584446424e-05
deficient	0,1,8.62738331464067e-05,0.00014841199168892847
delainey	5,0,0.0005176429988784402,7.420599584446424e-05
delays	1,0,0.0001725476662928134,7.420599584446424e-05
delegating	1,0,0.0001725476662928134,7.420599584446424e-05
delete	7,1,0.0006901906651712536,0.00014841199168892847
deliver	1,0,0.0001725476662928134,7.420599584446424e-05
delivered	3,2,0.0003450953325856268,0.0002226179875333927
deliveries	1,0,0.0001725476662928134,7.420599584446424e-05
delivering	1,0,0.0001725476662928134,7.420599584446424e-05
delphi	0,1,8.62738331464067e-05,0.00014841199168892847
delux	0,1,8.62738331464067e-05,0.00014841199168892847
density	0,1,8.62738331464067e-05,0.00014841199168892847
depending	1,1,0.0001725476662928134,0.00014841199168892847
dept	1,0,0.0001725476662928134,7.420599584446424e-05
described	0,1,8.62738331464067e-05,0.00014841199168892847
description	1,1,0.0001725476662928134,0.00014841199168892847
desire	0,2,8.62738331464067e-05,0.0002226179875333927
desk	8,3,0.0007764644983176603,0.00029682398337785694
desktop	0,1,8.62738331464067e-05,0.00014841199168892847
desperate	0,1,8.62738331464067e-05,0.00014841199168892847
despite	1,0,0.0001725476662928134,7.420599584446424e-05
detail	0,2,8.62738331464067e-05,0.0002226179875333927
detailed	1,2,0.0001725476662928134,0.0002226179875333927
determine	0,1,8.62738331464067e-05,0.00014841199168892847
device	0,1,8.62738331464067e-05,0.00014841199168892847
dfelsinger	1,0,0.0001725476662928134,7.420599584446424e-05
diamond	0,1,8.62738331464067e-05,0.00014841199168892847
diane	1,0,0.0001725476662928134,7.420599584446424e-05
dictating	0,1,8.62738331464067e-05,0.00014841199168892847
different	3,2,0.0003450953325856268,0.0002226179875333927
difficult	1,3,0.0001725476662928134,0.00029682398337785694
directly	4,0,0.0004313691657320335,7.420599584446424e-05
disagreement	1,0,0.0001725476662928134,7.420599584446424e-05
disappointed	0,1,8.62738331464067e-05,0.00014841199168892847
disclosed	0,2,8.62738331464067e-05,0.0002226179875333927
discoount	0,1,8.62738331464067e-05,0.00014841199168892847
discoouunt	0,1,8.62738331464067e-05,0.00014841199168892847
discounted	0,1,8.62738331464067e-05,0.00014841199168892847
discretely	0,1,8.62738331464067e-05,0.00014841199168892847
discussion	8,0,0.0007764644983176603,7.420599584446424e-05
disparate	1,0,0.0001725476662928134,7.420599584446424e-05
distance	1,4,0.0001725476662928134,0.00037102997922232116
distort	0,1,8.62738331464067e-05,0.00014841199168892847
district	3,0,0.0003450953325856268,7.420599584446424e-05
divert	1,0,0.0001725476662928134,7.420599584446424e-05
diverted	1,0,0.0001725476662928134,7.420599584446424e-05
divided	1,0,0.0001725476662928134,7.420599584446424e-05
dmao	1,0,0.0001725476662928134,7.420599584446424e-05
doctor	0,2,8.62738331464067e-05,0.0002226179875333927
documents	0,3,8.62738331464067e-05,0.00029682398337785694
doesn	0,7,8.62738331464067e-05,0.0005936479667557139
dollars	1,2,0.0001725476662928134,0.0002226179875333927
don	8,20,0.0007764644983176603,0.001558325912733749
doubts	0,1,8.62738331464067e-05,0.00014841199168892847
dramatic	1,0,0.0001725476662928134,7.420599584446424e-05
drawn	0,1,8.62738331464067e-05,0.00014841199168892847
drugs	0,2,8.62738331464067e-05,0.0002226179875333927
duck	0,1,8.62738331464067e-05,0.00014841199168892847
due	1,6,0.0001725476662928134,0.0005194419709112497
dunns	1,0,0.0001725476662928134,7.420599584446424e-05
dutchess	0,1,8.62738331464067e-05,0.00014841199168892847
dvd	0,1,8.62738331464067e-05,0.00014841199168892847
dwr	3,0,0.0003450953325856268,7.420599584446424e-05
dynamic	2,0,0.0002588214994392201,7.420599584446424e-05
east	0,1,8.62738331464067e-05,0.00014841199168892847
ecom	0,1,8.62738331464067e-05,0.00014841199168892847
economics	1,0,0.0001725476662928134,7.420599584446424e-05
economy	0,1,8.62738331464067e-05,0.00014841199168892847
ed	1,0,0.0001725476662928134,7.420599584446424e-05
edge	1,0,0.0001725476662928134,7.420599584446424e-05
edison	4,0,0.0004313691657320335,7.420599584446424e-05
effect	1,1,0.0001725476662928134,0.00014841199168892847
effective	7,3,0.0006901906651712536,0.00029682398337785694
efs	1,0,0.0001725476662928134,7.420599584446424e-05
egep	1,0,0.0001725476662928134,7.420599584446424e-05
ego	2,0,0.0002588214994392201,7.420599584446424e-05
eincomplete	0,1,8.62738331464067e-05,0.00014841199168892847
elbow	0,1,8.62738331464067e-05,0.00014841199168892847
elderly	0,1,8.62738331464067e-05,0.00014841199168892847
elections	1,0,0.0001725476662928134,7.420599584446424e-05
electric	1,0,0.0001725476662928134,7.420599584446424e-05
electricity	1,0,0.0001725476662928134,7.420599584446424e-05
elses	0,2,8.62738331464067e-05,0.0002226179875333927
emeet	1,0,0.0001725476662928134,7.420599584446424e-05
emerged	0,1,8.62738331464067e-05,0.00014841199168892847
emerging	2,0,0.0002588214994392201,7.420599584446424e-05
emigrant	0,1,8.62738331464067e-05,0.00014841199168892847
emove	0,1,8.62738331464067e-05,0.00014841199168892847
emphasize	0,1,8.62738331464067e-05,0.00014841199168892847
employee	6,0,0.0006039168320248468,7.420599584446424e-05
employment	1,0,0.0001725476662928134,7.420599584446424e-05
enable	0,2,8.62738331464067e-05,0.0002226179875333927
encompassing	1,0,0.0001725476662928134,7.420599584446424e-05
encouraged	0,2,8.62738331464067e-05,0.0002226179875333927
endless	0,1,8.62738331464067e-05,0.00014841199168892847
ends	1,0,0.0001725476662928134,7.420599584446424e-05
eneric	0,1,8.62738331464067e-05,0.00014841199168892847
engine	0,1,8.62738331464067e-05,0.00014841199168892847
enhancing	1,0,0.0001725476662928134,7.420599584446424e-05
enjoy	0,2,8.62738331464067e-05,0.0002226179875333927
enormous	1,0,0.0001725476662928134,7.420599584446424e-05
enron	116,0,0.010094038478129584,7.420599584446424e-05
enrononline	4,0,0.0004313691657320335,7.420599584446424e-05
enterprise	0,4,8.62738331464067e-05,0.00037102997922232116
enters	0,1,8.62738331464067e-05,0.00014841199168892847
entirely	0,2,8.62738331464067e-05,0.0002226179875333927
entity	2,0,0.0002588214994392201,7.420599584446424e-05
entries	0,1,8.62738331464067e-05,0.00014841199168892847
environmental	1,0,0.0001725476662928134,7.420599584446424e-05
envy	0,1,8.62738331464067e-05,0.00014841199168892847
ernest	0,1,8.62738331464067e-05,0.00014841199168892847
errors	0,5,8.62738331464067e-05,0.0004452359750667854
esiear	0,2,8.62738331464067e-05,0.0002226179875333927
essentially	1,0,0.0001725476662928134,7.420599584446424e-05
eternal	0,1,8.62738331464067e-05,0.00014841199168892847
ethic	1,0,0.0001725476662928134,7.420599584446424e-05
etringer	2,0,0.0002588214994392201,7.420599584446424e-05
evaluate	2,0,0.0002588214994392201,7.420599584446424e-05
evaluation	1,0,0.0001725476662928134,7.420599584446424e-05
every	0,9,8.62738331464067e-05,0.0007420599584446423
everyday	0,2,8.62738331464067e-05,0.0002226179875333927
exactly	0,4,8.62738331464067e-05,0.00037102997922232116
exaggerate	0,1,8.62738331464067e-05,0.00014841199168892847
examining	0,1,8.62738331464067e-05,0.00014841199168892847
exception	1,0,0.0001725476662928134,7.420599584446424e-05
excess	0,1,8.62738331464067e-05,0.00014841199168892847
excluding	2,0,0.0002588214994392201,7.420599584446424e-05
exclusive	0,1,8.62738331464067e-05,0.00014841199168892847
executed	1,0,0.0001725476662928134,7.420599584446424e-05
executing	2,0,0.0002588214994392201,7.420599584446424e-05
executive	4,0,0.0004313691657320335,7.420599584446424e-05
exhibits	0,2,8.62738331464067e-05,0.0002226179875333927
expanse	0,1,8.62738331464067e-05,0.00014841199168892847
experiment	0,1,8.62738331464067e-05,0.00014841199168892847
expired	1,0,0.0001725476662928134,7.420599584446424e-05
explain	0,2,8.62738331464067e-05,0.0002226179875333927
explained	0,1,8.62738331464067e-05,0.00014841199168892847
explaining	0,2,8.62738331464067e-05,0.0002226179875333927
exploring	2,0,0.0002588214994392201,7.420599584446424e-05
exposure	0,2,8.62738331464067e-05,0.0002226179875333927
extend	0,1,8.62738331464067e-05,0.00014841199168892847
extended	1,2,0.0001725476662928134,0.0002226179875333927
extreme	0,1,8.62738331464067e-05,0.00014841199168892847
eyebrow	0,2,8.62738331464067e-05,0.0002226179875333927
eyes	0,2,8.62738331464067e-05,0.0002226179875333927
f	1,0,0.0001725476662928134,7.420599584446424e-05
fabaclbo	0,1,8.62738331464067e-05,0.00014841199168892847
face	0,1,8.62738331464067e-05,0.00014841199168892847
faclities	1,0,0.0001725476662928134,7.420599584446424e-05
fact	1,6,0.0001725476662928134,0.0005194419709112497
factor	0,1,8.62738331464067e-05,0.00014841199168892847
fallon	1,0,0.0001725476662928134,7.420599584446424e-05
family	0,2,8.62738331464067e-05,0.0002226179875333927
famous	0,1,8.62738331464067e-05,0.00014841199168892847
fanny	1,0,0.0001725476662928134,7.420599584446424e-05
fashion	0,1,8.62738331464067e-05,0.00014841199168892847
faster	1,1,0.0001725476662928134,0.00014841199168892847
fat	0,1,8.62738331464067e-05,0.00014841199168892847
fattroglodyte	0,1,8.62738331464067e-05,0.00014841199168892847
fault	1,0,0.0001725476662928134,7.420599584446424e-05
favorite	0,7,8.62738331464067e-05,0.0005936479667557139
fear	0,3,8.62738331464067e-05,0.00029682398337785694
february	5,0,0.0005176429988784402,7.420599584446424e-05
federal	3,0,0.0003450953325856268,7.420599584446424e-05
feet	0,1,8.62738331464067e-05,0.00014841199168892847
female	0,3,8.62738331464067e-05,0.00029682398337785694
field	1,2,0.0001725476662928134,0.0002226179875333927
figure	1,0,0.0001725476662928134,7.420599584446424e-05
filed	2,0,0.0002588214994392201,7.420599584446424e-05
files	3,0,0.0003450953325856268,7.420599584446424e-05
filing	6,0,0.0006039168320248468,7.420599584446424e-05
fill	0,4,8.62738331464067e-05,0.00037102997922232116
filled	0,2,8.62738331464067e-05,0.0002226179875333927
filling	0,1,8.62738331464067e-05,0.00014841199168892847
final	5,1,0.0005176429988784402,0.00014841199168892847
financial	9,0,0.000862738331464067,7.420599584446424e-05
find	1,3,0.0001725476662928134,0.00029682398337785694
finding	0,1,8.62738331464067e-05,0.00014841199168892847
finland	0,1,8.62738331464067e-05,0.00014841199168892847
fior	0,1,8.62738331464067e-05,0.00014841199168892847
fired	1,0,0.0001725476662928134,7.420599584446424e-05
firing	0,1,8.62738331464067e-05,0.00014841199168892847
first	8,21,0.0007764644983176603,0.001632531908578213
fishbeck	1,0,0.0001725476662928134,7.420599584446424e-05
five	1,2,0.0001725476662928134,0.0002226179875333927
fixed	0,1,8.62738331464067e-05,0.00014841199168892847
fl	0,1,8.62738331464067e-05,0.00014841199168892847
flat	0,5,8.62738331464067e-05,0.0004452359750667854
floor	4,0,0.0004313691657320335,7.420599584446424e-05
flutter	0,1,8.62738331464067e-05,0.00014841199168892847
folks	0,1,8.62738331464067e-05,0.00014841199168892847
foo	1,0,0.0001725476662928134,7.420599584446424e-05
foolishness	0,1,8.62738331464067e-05,0.00014841199168892847
fooxr	0,1,8.62738331464067e-05,0.00014841199168892847
for	148,153,0.012854801138814598,0.011427723360047493
forced	1,0,0.0001725476662928134,7.420599584446424e-05
forces	0,5,8.62738331464067e-05,0.0004452359750667854
forcing	1,0,0.0001725476662928134,7.420599584446424e-05
forecast	0,1,8.62738331464067e-05,0.00014841199168892847
foretell	1,0,0.0001725476662928134,7.420599584446424e-05
forgotten	0,1,8.62738331464067e-05,0.00014841199168892847
formally	2,0,0.0002588214994392201,7.420599584446424e-05
forty	0,1,8.62738331464067e-05,0.00014841199168892847
found	1,5,0.0001725476662928134,0.0004452359750667854
four	2,3,0.0002588214994392201,0.00029682398337785694
fran	2,0,0.0002588214994392201,7.420599584446424e-05
fred	1,0,0.0001725476662928134,7.420599584446424e-05
friday	2,3,0.0002588214994392201,0.00029682398337785694
friends	0,1,8.62738331464067e-05,0.00014841199168892847
frightened	0,1,8.62738331464067e-05,0.00014841199168892847
frqee	0,1,8.62738331464067e-05,0.00014841199168892847
ftp	1,0,0.0001725476662928134,7.420599584446424e-05
fulfill	1,0,0.0001725476662928134,7.420599584446424e-05
full	1,25,0.0001725476662928134,0.00192935589195607
function	4,0,0.0004313691657320335,7.420599584446424e-05
fund	1,0,0.0001725476662928134,7.420599584446424e-05
fundamental	2,0,0.0002588214994392201,7.420599584446424e-05
funded	1,0,0.0001725476662928134,7.420599584446424e-05
funding	1,0,0.0001725476662928134,7.420599584446424e-05
further	7,2,0.0006901906651712536,0.0002226179875333927
gary	7,0,0.0006901906651712536,7.420599584446424e-05
gas	36,0,0.0031921318264170476,7.420599584446424e-05
gb	0,1,8.62738331464067e-05,0.00014841199168892847
generalize	0,1,8.62738331464067e-05,0.00014841199168892847
generate	0,1,8.62738331464067e-05,0.00014841199168892847
generation	5,0,0.0005176429988784402,7.420599584446424e-05
genuine	0,2,8.62738331464067e-05,0.0002226179875333927
geoffrey	0,1,8.62738331464067e-05,0.00014841199168892847
george	9,0,0.000862738331464067,7.420599584446424e-05
georgel	0,1,8.62738331464067e-05,0.00014841199168892847
gets	0,2,8.62738331464067e-05,0.0002226179875333927
getyour	0,1,8.62738331464067e-05,0.00014841199168892847
gibson	1,0,0.0001725476662928134,7.420599584446424e-05
gift	4,5,0.0004313691657320335,0.0004452359750667854
gilchrist	1,0,0.0001725476662928134,7.420599584446424e-05
glad	1,0,0.0001725476662928134,7.420599584446424e-05
glaspie	0,1,8.62738331464067e-05,0.00014841199168892847
glut	0,1,8.62738331464067e-05,0.00014841199168892847
godly	0,1,8.62738331464067e-05,0.00014841199168892847
goods	0,1,8.62738331464067e-05,0.00014841199168892847
gosnell	1,0,0.0001725476662928134,7.420599584446424e-05
got	0,7,8.62738331464067e-05,0.0005936479667557139
governor	4,0,0.0004313691657320335,7.420599584446424e-05
gpg	1,0,0.0001725476662928134,7.420599584446424e-05
grabbing	0,1,8.62738331464067e-05,0.00014841199168892847
grading	0,1,8.62738331464067e-05,0.00014841199168892847
grandfathered	1,0,0.0001725476662928134,7.420599584446424e-05
grant	6,0,0.0006039168320248468,7.420599584446424e-05
granting	0,1,8.62738331464067e-05,0.00014841199168892847
graphics	0,5,8.62738331464067e-05,0.0004452359750667854
graves	2,0,0.0002588214994392201,7.420599584446424e-05
gray	2,0,0.0002588214994392201,7.420599584446424e-05
great	7,11,0.0006901906651712536,0.0008904719501335708
grief	0,1,8.62738331464067e-05,0.00014841199168892847
grizzly	0,1,8.62738331464067e-05,0.00014841199168892847
gross	3,0,0.0003450953325856268,7.420599584446424e-05
groups	2,2,0.0002588214994392201,0.0002226179875333927
growing	0,1,8.62738331464067e-05,0.00014841199168892847
guaranteed	0,3,8.62738331464067e-05,0.00029682398337785694
guinea	0,1,8.62738331464067e-05,0.00014841199168892847
gullweig	0,1,8.62738331464067e-05,0.00014841199168892847
guys	3,0,0.0003450953325856268,7.420599584446424e-05
hair	0,1,8.62738331464067e-05,0.00014841199168892847
hal	1,0,0.0001725476662928134,7.420599584446424e-05
half	1,1,0.0001725476662928134,0.00014841199168892847
hand	3,1,0.0003450953325856268,0.00014841199168892847
handled	1,1,0.0001725476662928134,0.00014841199168892847
hang	0,1,8.62738331464067e-05,0.00014841199168892847
hangover	0,1,8.62738331464067e-05,0.00014841199168892847
hans	1,0,0.0001725476662928134,7.420599584446424e-05
happen	2,0,0.0002588214994392201,7.420599584446424e-05
happy	4,0,0.0004313691657320335,7.420599584446424e-05
hardware	0,1,8.62738331464067e-05,0.00014841199168892847
harrison	2,0,0.0002588214994392201,7.420599584446424e-05
hash	0,1,8.62738331464067e-05,0.00014841199168892847
have	61,75,0.005348977655077215,0.005639655684179281
head	0,3,8.62738331464067e-05,0.00029682398337785694
heading	0,1,8.62738331464067e-05,0.00014841199168892847
health	0,2,8.62738331464067e-05,0.0002226179875333927
heard	0,2,8.62738331464067e-05,0.0002226179875333927
heartburnwestfield	0,1,8.62738331464067e-05,0.00014841199168892847
helpless	0,2,8.62738331464067e-05,0.0002226179875333927
helps	0,1,8.62738331464067e-05,0.00014841199168892847
hemingway	0,1,8.62738331464067e-05,0.00014841199168892847
heno	0,1,8.62738331464067e-05,0.00014841199168892847
here	10,40,0.0009490121646104736,0.0030424458296230334
hesitate	0,3,8.62738331464067e-05,0.00029682398337785694
highly	1,0,0.0001725476662928134,7.420599584446424e-05
highs	1,0,0.0001725476662928134,7.420599584446424e-05
hijacked	0,2,8.62738331464067e-05,0.0002226179875333927
hike	1,0,0.0001725476662928134,7.420599584446424e-05
him	3,2,0.0003450953325856268,0.0002226179875333927
himself	0,1,8.62738331464067e-05,0.00014841199168892847
hint	0,1,8.62738331464067e-05,0.00014841199168892847
his	8,22,0.0007764644983176603,0.0017067379044226774
historical	3,0,0.0003450953325856268,7.420599584446424e-05
history	0,2,8.62738331464067e-05,0.0002226179875333927
hm	0,1,8.62738331464067e-05,0.00014841199168892847
hoffman	2,0,0.0002588214994392201,7.420599584446424e-05
hold	0,3,8.62738331464067e-05,0.00029682398337785694
holding	0,1,8.62738331464067e-05,0.00014841199168892847
holidays	2,0,0.0002588214994392201,7.420599584446424e-05
homemakers	0,1,8.62738331464067e-05,0.00014841199168892847
homes	0,2,8.62738331464067e-05,0.0002226179875333927
homestead	0,1,8.62738331464067e-05,0.00014841199168892847
honest	0,1,8.62738331464067e-05,0.00014841199168892847
hood	0,1,8.62738331464067e-05,0.00014841199168892847
hopefully	2,0,0.0002588214994392201,7.420599584446424e-05
hopes	1,0,0.0001725476662928134,7.420599584446424e-05
hotmail	0,1,8.62738331464067e-05,0.00014841199168892847
hours	17,9,0.0015529289966353206,0.0007420599584446423
howard	14,0,0.0012941074971961003,7.420599584446424e-05
however	9,2,0.000862738331464067,0.0002226179875333927
hp	1,0,0.0001725476662928134,7.420599584446424e-05
hpl	10,0,0.0009490121646104736,7.420599584446424e-05
hplc	1,0,0.0001725476662928134,7.420599584446424e-05
hplr	1,0,0.0001725476662928134,7.420599584446424e-05
hris	1,0,0.0001725476662928134,7.420599584446424e-05
huang	4,0,0.0004313691657320335,7.420599584446424e-05
human	11,2,0.0010352859977568803,0.0002226179875333927
humility	0,2,8.62738331464067e-05,0.0002226179875333927
hundreds	0,1,8.62738331464067e-05,0.00014841199168892847
hunt	0,1,8.62738331464067e-05,0.00014841199168892847
hurdles	1,0,0.0001725476662928134,7.420599584446424e-05
hurry	2,2,0.0002588214994392201,0.0002226179875333927
husband	0,4,8.62738331464067e-05,0.00037102997922232116
hyde	1,0,0.0001725476662928134,7.420599584446424e-05
hype	0,1,8.62738331464067e-05,0.00014841199168892847
i	113,106,0.009835216978690364,0.007940041555357673
iain	1,0,0.0001725476662928134,7.420599584446424e-05
idiot	0,1,8.62738331464067e-05,0.00014841199168892847
if	32,55,0.002847036493831421,0.004155535767289997
igh	0,1,8.62738331464067e-05,0.00014841199168892847
ii	3,0,0.0003450953325856268,7.420599584446424e-05
illness	0,1,8.62738331464067e-05,0.00014841199168892847
illustrator	0,2,8.62738331464067e-05,0.0002226179875333927
important	4,5,0.0004313691657320335,0.0004452359750667854
impresses	0,1,8.62738331464067e-05,0.00014841199168892847
impressive	0,1,8.62738331464067e-05,0.00014841199168892847
improved	2,3,0.0002588214994392201,0.00029682398337785694
improving	0,1,8.62738331464067e-05,0.00014841199168892847
iname	0,1,8.62738331464067e-05,0.00014841199168892847
incessantly	0,1,8.62738331464067e-05,0.00014841199168892847
included	1,5,0.0001725476662928134,0.0004452359750667854
including	12,3,0.001121559830903287,0.00029682398337785694
inclusive	0,1,8.62738331464067e-05,0.00014841199168892847
incorporated	1,0,0.0001725476662928134,7.420599584446424e-05
increased	0,5,8.62738331464067e-05,0.0004452359750667854
increases	2,0,0.0002588214994392201,7.420599584446424e-05
increasing	2,0,0.0002588214994392201,7.420599584446424e-05
indicated	1,0,0.0001725476662928134,7.420599584446424e-05
indicator	0,1,8.62738331464067e-05,0.00014841199168892847
indices	1,0,0.0001725476662928134,7.420599584446424e-05
individual	2,2,0.0002588214994392201,0.0002226179875333927
industries	0,1,8.62738331464067e-05,0.00014841199168892847
inform	1,0,0.0001725476662928134,7.420599584446424e-05
informative	0,1,8.62738331464067e-05,0.00014841199168892847
informed	2,2,0.0002588214994392201,0.0002226179875333927
initially	2,0,0.0002588214994392201,7.420599584446424e-05
inlcuding	1,0,0.0001725476662928134,7.420599584446424e-05
inlet	4,0,0.0004313691657320335,7.420599584446424e-05
innovatus	1,0,0.0001725476662928134,7.420599584446424e-05
inputs	1,0,0.0001725476662928134,7.420599584446424e-05
inside	0,2,8.62738331464067e-05,0.0002226179875333927
insider	0,1,8.62738331464067e-05,0.00014841199168892847
instead	0,3,8.62738331464067e-05,0.00029682398337785694
institutions	0,1,8.62738331464067e-05,0.00014841199168892847
instrument	0,1,8.62738331464067e-05,0.00014841199168892847
insufficient	0,1,8.62738331464067e-05,0.00014841199168892847
insults	0,1,8.62738331464067e-05,0.00014841199168892847
intend	2,0,0.0002588214994392201,7.420599584446424e-05
intended	1,0,0.0001725476662928134,7.420599584446424e-05
interests	0,5,8.62738331464067e-05,0.0004452359750667854
internal	6,1,0.0006039168320248468,0.00014841199168892847
internet	0,12,8.62738331464067e-05,0.000964677945978035
interrupted	0,1,8.62738331464067e-05,0.00014841199168892847
investment	4,6,0.0004313691657320335,0.0005194419709112497
investors	0,1,8.62738331464067e-05,0.00014841199168892847
invoices	1,0,0.0001725476662928134,7.420599584446424e-05
involuntary	3,0,0.0003450953325856268,7.420599584446424e-05
iowa	0,1,8.62738331464067e-05,0.00014841199168892847
ipps	5,0,0.0005176429988784402,7.420599584446424e-05
isalso	0,1,8.62738331464067e-05,0.00014841199168892847
isn	0,3,8.62738331464067e-05,0.00029682398337785694
isps	0,2,8.62738331464067e-05,0.0002226179875333927
iteam	0,1,8.62738331464067e-05,0.00014841199168892847
items	2,10,0.0002588214994392201,0.0008162659542891065
its	8,15,0.0007764644983176603,0.0011872959335114278
ivernia	0,2,8.62738331464067e-05,0.0002226179875333927
jackie	1,0,0.0001725476662928134,7.420599584446424e-05
jane	1,0,0.0001725476662928134,7.420599584446424e-05
janice	1,0,0.0001725476662928134,7.420599584446424e-05
janie	1,0,0.0001725476662928134,7.420599584446424e-05
january	2,0,0.0002588214994392201,7.420599584446424e-05
japan	3,0,0.0003450953325856268,7.420599584446424e-05
jeff	1,0,0.0001725476662928134,7.420599584446424e-05
job	3,0,0.0003450953325856268,7.420599584446424e-05
joe	1,0,0.0001725476662928134,7.420599584446424e-05
joel	0,6,8.62738331464067e-05,0.0005194419709112497
join	5,4,0.0005176429988784402,0.00037102997922232116
joinder	1,0,0.0001725476662928134,7.420599584446424e-05
joined	2,0,0.0002588214994392201,7.420599584446424e-05
joining	3,0,0.0003450953325856268,7.420599584446424e-05
jon	1,0,0.0001725476662928134,7.420599584446424e-05
jones	3,0,0.0003450953325856268,7.420599584446424e-05
jsp	0,2,8.62738331464067e-05,0.0002226179875333927
jturco	0,1,8.62738331464067e-05,0.00014841199168892847
julie	5,0,0.0005176429988784402,7.420599584446424e-05
jvbe	0,1,8.62738331464067e-05,0.00014841199168892847
kaminski	11,0,0.0010352859977568803,7.420599584446424e-05
kcs	1,0,0.0001725476662928134,7.420599584446424e-05
keeley	5,0,0.0005176429988784402,7.420599584446424e-05
kenny	1,0,0.0001725476662928134,7.420599584446424e-05
kerb	0,1,8.62738331464067e-05,0.00014841199168892847
keyboard	0,2,8.62738331464067e-05,0.0002226179875333927
keys	1,0,0.0001725476662928134,7.420599584446424e-05
keywordcount	0,1,8.62738331464067e-05,0.00014841199168892847
kid	0,1,8.62738331464067e-05,0.00014841199168892847
killings	0,2,8.62738331464067e-05,0.0002226179875333927
kim	3,0,0.0003450953325856268,7.420599584446424e-05
kinda	1,0,0.0001725476662928134,7.420599584446424e-05
kindall	4,0,0.0004313691657320335,7.420599584446424e-05
kindly	0,1,8.62738331464067e-05,0.00014841199168892847
kinds	0,2,8.62738331464067e-05,0.0002226179875333927
know	19,18,0.001725476662928134,0.0014099139210448203
knowledge	4,0,0.0004313691657320335,7.420599584446424e-05
koromah	0,2,8.62738331464067e-05,0.0002226179875333927
krishnarao	5,0,0.0005176429988784402,7.420599584446424e-05
kwh	1,0,0.0001725476662928134,7.420599584446424e-05
l	9,1,0.000862738331464067,0.00014841199168892847
labor	1,0,0.0001725476662928134,7.420599584446424e-05
law	3,2,0.0003450953325856268,0.0002226179875333927
learns	2,0,0.0002588214994392201,7.420599584446424e-05
lease	0,1,8.62738331464067e-05,0.00014841199168892847
least	3,7,0.0003450953325856268,0.0005936479667557139
leave	3,1,0.0003450953325856268,0.00014841199168892847
legislature	6,0,0.0006039168320248468,7.420599584446424e-05
lemelman	0,1,8.62738331464067e-05,0.00014841199168892847
length	0,1,8.62738331464067e-05,0.00014841199168892847
leone	0,4,8.62738331464067e-05,0.00037102997922232116
lesson	0,2,8.62738331464067e-05,0.0002226179875333927
letters	0,11,8.62738331464067e-05,0.0008904719501335708
levels	0,2,8.62738331464067e-05,0.0002226179875333927
leverage	1,0,0.0001725476662928134,7.420599584446424e-05
licence	0,1,8.62738331464067e-05,0.00014841199168892847
lifts	0,1,8.62738331464067e-05,0.00014841199168892847
limitations	1,0,0.0001725476662928134,7.420599584446424e-05
limited	4,8,0.0004313691657320335,0.0006678539626001781
linkpaks	0,4,8.62738331464067e-05,0.00037102997922232116
liquid	0,1,8.62738331464067e-05,0.00014841199168892847
list	3,14,0.0003450953325856268,0.0011130899376669634
listed	4,3,0.0004313691657320335,0.00029682398337785694
literally	0,1,8.62738331464067e-05,0.00014841199168892847
literature	1,0,0.0001725476662928134,7.420599584446424e-05
litterbug	0,1,8.62738331464067e-05,0.00014841199168892847
little	1,7,0.0001725476662928134,0.0005936479667557139
live	1,0,0.0001725476662928134,7.420599584446424e-05
ll	1,16,0.0001725476662928134,0.0012615019293558919
llc	1,0,0.0001725476662928134,7.420599584446424e-05
llittle	1,0,0.0001725476662928134,7.420599584446424e-05
loads	0,1,8.62738331464067e-05,0.00014841199168892847
located	3,1,0.0003450953325856268,0.00014841199168892847
locomotive	0,1,8.62738331464067e-05,0.00014841199168892847
lollipops	0,1,8.62738331464067e-05,0.00014841199168892847
long	5,8,0.0005176429988784402,0.0006678539626001781
looks	1,4,0.0001725476662928134,0.00037102997922232116
lose	0,2,8.62738331464067e-05,0.0002226179875333927
lots	1,1,0.0001725476662928134,0.00014841199168892847
louise	7,0,0.0006901906651712536,7.420599584446424e-05
lounsbury	0,1,8.62738331464067e-05,0.00014841199168892847
love	1,1,0.0001725476662928134,0.00014841199168892847
lst	2,0,0.0002588214994392201,7.420599584446424e-05
lu	5,0,0.0005176429988784402,7.420599584446424e-05
lucky	0,1,8.62738331464067e-05,0.00014841199168892847
luo	0,1,8.62738331464067e-05,0.00014841199168892847
luong	1,0,0.0001725476662928134,7.420599584446424e-05
lx	1,0,0.0001725476662928134,7.420599584446424e-05
lyn	7,0,0.0006901906651712536,7.420599584446424e-05
magnesium	0,1,8.62738331464067e-05,0.00014841199168892847
mailman	0,2,8.62738331464067e-05,0.0002226179875333927
maine	1,0,0.0001725476662928134,7.420599584446424e-05
maintain	2,0,0.0002588214994392201,7.420599584446424e-05
major	0,3,8.62738331464067e-05,0.00029682398337785694
make	6,24,0.0006039168320248468,0.0018551498961116059
managed	2,4,0.0002588214994392201,0.00037102997922232116
management	40,0,0.0035372271590026743,7.420599584446424e-05
managerial	2,0,0.0002588214994392201,7.420599584446424e-05
managers	1,0,0.0001725476662928134,7.420599584446424e-05
manages	2,0,0.0002588214994392201,7.420599584446424e-05
managing	0,1,8.62738331464067e-05,0.00014841199168892847
markets	5,0,0.0005176429988784402,7.420599584446424e-05
marla	1,0,0.0001725476662928134,7.420599584446424e-05
martin	6,0,0.0006039168320248468,7.420599584446424e-05
mary	7,0,0.0006901906651712536,7.420599584446424e-05
masson	5,0,0.0005176429988784402,7.420599584446424e-05
match	1,1,0.0001725476662928134,0.00014841199168892847
matches	0,2,8.62738331464067e-05,0.0002226179875333927
matt	1,0,0.0001725476662928134,7.420599584446424e-05
may	9,10,0.000862738331464067,0.0008162659542891065
mayes	1,0,0.0001725476662928134,7.420599584446424e-05
mb	0,1,8.62738331464067e-05,0.00014841199168892847
mcbeal	1,0,0.0001725476662928134,7.420599584446424e-05
mclean	1,0,0.0001725476662928134,7.420599584446424e-05
mcmullen	2,0,0.0002588214994392201,7.420599584446424e-05
me	27,23,0.0024156673280993873,0.0017809439002671415
mean	0,1,8.62738331464067e-05,0.00014841199168892847
meanwhile	0,2,8.62738331464067e-05,0.0002226179875333927
medication	0,1,8.62738331464067e-05,0.00014841199168892847
mediums	0,1,8.62738331464067e-05,0.00014841199168892847
melissa	2,0,0.0002588214994392201,7.420599584446424e-05
melodick	1,0,0.0001725476662928134,7.420599584446424e-05
members	4,5,0.0004313691657320335,0.0004452359750667854
membership	0,13,8.62738331464067e-05,0.0010388839418224993
mention	0,1,8.62738331464067e-05,0.00014841199168892847
mentioned	2,2,0.0002588214994392201,0.0002226179875333927
merchandise	0,2,8.62738331464067e-05,0.0002226179875333927
message	1,14,0.0001725476662928134,0.0011130899376669634
metal	0,1,8.62738331464067e-05,0.00014841199168892847
methods	0,1,8.62738331464067e-05,0.00014841199168892847
mexico	0,1,8.62738331464067e-05,0.00014841199168892847
miami	0,1,8.62738331464067e-05,0.00014841199168892847
michael	7,1,0.0006901906651712536,0.00014841199168892847
might	4,5,0.0004313691657320335,0.0004452359750667854
millenium	0,1,8.62738331464067e-05,0.00014841199168892847
million	0,12,8.62738331464067e-05,0.000964677945978035
min	1,1,0.0001725476662928134,0.00014841199168892847
mineral	0,2,8.62738331464067e-05,0.0002226179875333927
mines	0,1,8.62738331464067e-05,0.00014841199168892847
mini	1,0,0.0001725476662928134,7.420599584446424e-05
mining	0,7,8.62738331464067e-05,0.0005936479667557139
minor	0,1,8.62738331464067e-05,0.00014841199168892847
mirant	1,0,0.0001725476662928134,7.420599584446424e-05
miserable	0,1,8.62738331464067e-05,0.00014841199168892847
mislead	0,1,8.62738331464067e-05,0.00014841199168892847
miss	0,2,8.62738331464067e-05,0.0002226179875333927
missed	1,1,0.0001725476662928134,0.00014841199168892847
missing	0,1,8.62738331464067e-05,0.00014841199168892847
missouri	0,1,8.62738331464067e-05,0.00014841199168892847
misspelled	0,1,8.62738331464067e-05,0.00014841199168892847
mmbtu	3,0,0.0003450953325856268,7.420599584446424e-05
moderate	1,0,0.0001725476662928134,7.420599584446424e-05
monday	11,2,0.0010352859977568803,0.0002226179875333927
money	1,22,0.0001725476662928134,0.0017067379044226774
montana	0,1,8.62738331464067e-05,0.00014841199168892847
moore	39,0,0.003450953325856268,7.420599584446424e-05
more	15,34,0.0013803813303425072,0.0025972098545562483
morning	8,2,0.0007764644983176603,0.0002226179875333927
moviebuff	0,2,8.62738331464067e-05,0.0002226179875333927
mperkins	1,0,0.0001725476662928134,7.420599584446424e-05
much	6,13,0.0006039168320248468,0.0010388839418224993
multiple	1,4,0.0001725476662928134,0.00037102997922232116
mustard	0,1,8.62738331464067e-05,0.00014841199168892847
mw	3,0,0.0003450953325856268,7.420599584446424e-05
mysiteinc	0,3,8.62738331464067e-05,0.00029682398337785694
na	2,3,0.0002588214994392201,0.00029682398337785694
name	7,12,0.0006901906651712536,0.000964677945978035
natives	0,1,8.62738331464067e-05,0.00014841199168892847
natural	6,1,0.0006039168320248468,0.00014841199168892847
nearly	0,1,8.62738331464067e-05,0.00014841199168892847
neck	0,1,8.62738331464067e-05,0.00014841199168892847
negotiation	0,1,8.62738331464067e-05,0.00014841199168892847
neighbor	0,1,8.62738331464067e-05,0.00014841199168892847
neighboring	0,2,8.62738331464067e-05,0.0002226179875333927
net	2,22,0.0002588214994392201,0.0017067379044226774
netrepreneur	0,1,8.62738331464067e-05,0.00014841199168892847
netwww	0,1,8.62738331464067e-05,0.00014841199168892847
new	39,19,0.003450953325856268,0.0014841199168892847
newsletter	0,22,8.62738331464067e-05,0.0017067379044226774
next	11,13,0.0010352859977568803,0.0010388839418224993
ngo	2,0,0.0002588214994392201,7.420599584446424e-05
ngx	1,0,0.0001725476662928134,7.420599584446424e-05
nickel	0,4,8.62738331464067e-05,0.00037102997922232116
niestrath	1,0,0.0001725476662928134,7.420599584446424e-05
nighttime	0,2,8.62738331464067e-05,0.0002226179875333927
nim	2,0,0.0002588214994392201,7.420599584446424e-05
nine	0,1,8.62738331464067e-05,0.00014841199168892847
njwa	1,0,0.0001725476662928134,7.420599584446424e-05
nom	6,0,0.0006039168320248468,7.420599584446424e-05
none	0,2,8.62738331464067e-05,0.0002226179875333927
north	8,3,0.0007764644983176603,0.00029682398337785694
norton	0,3,8.62738331464067e-05,0.00029682398337785694
nospam	0,1,8.62738331464067e-05,0.00014841199168892847
note	3,4,0.0003450953325856268,0.00037102997922232116
nothing	2,2,0.0002588214994392201,0.0002226179875333927
notice	2,1,0.0002588214994392201,0.00014841199168892847
notiffiyved	0,1,8.62738331464067e-05,0.00014841199168892847
notification	1,0,0.0001725476662928134,7.420599584446424e-05
nov	5,0,0.0005176429988784402,7.420599584446424e-05
nrg	1,0,0.0001725476662928134,7.420599584446424e-05
ns	0,1,8.62738331464067e-05,0.00014841199168892847
num	0,1,8.62738331464067e-05,0.00014841199168892847
numerous	1,0,0.0001725476662928134,7.420599584446424e-05
o	1,5,0.0001725476662928134,0.0004452359750667854
oak	0,1,8.62738331464067e-05,0.00014841199168892847
obligations	0,1,8.62738331464067e-05,0.00014841199168892847
observations	2,0,0.0002588214994392201,7.420599584446424e-05
occur	0,1,8.62738331464067e-05,0.00014841199168892847
oceania	0,1,8.62738331464067e-05,0.00014841199168892847
odin	0,1,8.62738331464067e-05,0.00014841199168892847
oem	0,3,8.62738331464067e-05,0.00029682398337785694
of	188,252,0.016305754464670866,0.01877411694864945
off	3,3,0.0003450953325856268,0.00029682398337785694
offices	2,0,0.0002588214994392201,7.420599584446424e-05
often	0,4,8.62738331464067e-05,0.00037102997922232116
oil	1,0,0.0001725476662928134,7.420599584446424e-05
oilshale	0,1,8.62738331464067e-05,0.00014841199168892847
olson	2,0,0.0002588214994392201,7.420599584446424e-05
ongoing	2,0,0.0002588214994392201,7.420599584446424e-05
online	0,14,8.62738331464067e-05,0.0011130899376669634
only	9,16,0.000862738331464067,0.0012615019293558919
oo	0,5,8.62738331464067e-05,0.0004452359750667854
operational	4,0,0.0004313691657320335,7.420599584446424e-05
operations	29,0,0.0025882149943922007,7.420599584446424e-05
opportunity	2,5,0.0002588214994392201,0.0004452359750667854
opt	0,2,8.62738331464067e-05,0.0002226179875333927
options	2,0,0.0002588214994392201,7.420599584446424e-05
or	41,88,0.003623500992149081,0.0066043336301573165
orange	0,1,8.62738331464067e-05,0.00014841199168892847
order	6,33,0.0006039168320248468,0.0025230038587117838
ordered	5,0,0.0005176429988784402,7.420599584446424e-05
organizational	1,0,0.0001725476662928134,7.420599584446424e-05
orgoto	0,1,8.62738331464067e-05,0.00014841199168892847
originator	2,0,0.0002588214994392201,7.420599584446424e-05
orleantraders	0,1,8.62738331464067e-05,0.00014841199168892847
other	13,19,0.0012078336640496937,0.0014841199168892847
our	24,39,0.0021568458286601675,0.0029682398337785693
outdated	0,1,8.62738331464067e-05,0.00014841199168892847
outline	2,0,0.0002588214994392201,7.420599584446424e-05
outside	1,0,0.0001725476662928134,7.420599584446424e-05
outstanding	2,1,0.0002588214994392201,0.00014841199168892847
over	14,24,0.0012941074971961003,0.0018551498961116059
overpaying	0,1,8.62738331464067e-05,0.00014841199168892847
overuse	0,1,8.62738331464067e-05,0.00014841199168892847
owner	0,2,8.62738331464067e-05,0.0002226179875333927
oxidation	0,1,8.62738331464067e-05,0.00014841199168892847
oxley	3,0,0.0003450953325856268,7.420599584446424e-05
oxx	0,1,8.62738331464067e-05,0.00014841199168892847
ozarka	1,0,0.0001725476662928134,7.420599584446424e-05
pages	0,9,8.62738331464067e-05,0.0007420599584446423
paid	3,2,0.0003450953325856268,0.0002226179875333927
paidtosurf	0,2,8.62738331464067e-05,0.0002226179875333927
pamela	2,0,0.0002588214994392201,7.420599584446424e-05
panel	0,1,8.62738331464067e-05,0.00014841199168892847
pangs	0,1,8.62738331464067e-05,0.00014841199168892847
papers	0,1,8.62738331464067e-05,0.00014841199168892847
paragraphs	0,8,8.62738331464067e-05,0.0006678539626001781
parents	1,0,0.0001725476662928134,7.420599584446424e-05
particularly	2,1,0.0002588214994392201,0.00014841199168892847
partners	2,1,0.0002588214994392201,0.00014841199168892847
paso	2,0,0.0002588214994392201,7.420599584446424e-05
path	1,0,0.0001725476662928134,7.420599584446424e-05
pay	1,3,0.0001725476662928134,0.00029682398337785694
paying	2,0,0.0002588214994392201,7.420599584446424e-05
payroll	5,0,0.0005176429988784402,7.420599584446424e-05
pbem	0,1,8.62738331464067e-05,0.00014841199168892847
pcenergy	3,0,0.0003450953325856268,7.420599584446424e-05
peace	0,3,8.62738331464067e-05,0.00029682398337785694
peaking	0,1,8.62738331464067e-05,0.00014841199168892847
peers	1,0,0.0001725476662928134,7.420599584446424e-05
people	4,24,0.0004313691657320335,0.0018551498961116059
per	1,7,0.0001725476662928134,0.0005936479667557139
performance	5,2,0.0005176429988784402,0.0002226179875333927
performer	0,2,8.62738331464067e-05,0.0002226179875333927
person	2,12,0.0002588214994392201,0.000964677945978035
perspective	7,0,0.0006901906651712536,7.420599584446424e-05
pest	0,1,8.62738331464067e-05,0.00014841199168892847
pgm	0,1,8.62738331464067e-05,0.00014841199168892847
ph	1,2,0.0001725476662928134,0.0002226179875333927
photoshop	0,3,8.62738331464067e-05,0.00029682398337785694
physical	4,0,0.0004313691657320335,7.420599584446424e-05
physicians	0,1,8.62738331464067e-05,0.00014841199168892847
pibrochs	0,1,8.62738331464067e-05,0.00014841199168892847
pick	2,1,0.0002588214994392201,0.00014841199168892847
pictures	1,7,0.0001725476662928134,0.0005936479667557139
pilot	6,0,0.0006039168320248468,7.420599584446424e-05
plant	1,1,0.0001725476662928134,0.00014841199168892847
planted	1,0,0.0001725476662928134,7.420599584446424e-05
played	0,1,8.62738331464067e-05,0.00014841199168892847
points	1,2,0.0001725476662928134,0.0002226179875333927
pops	1,1,0.0001725476662928134,0.00014841199168892847
popular	0,1,8.62738331464067e-05,0.00014841199168892847
position	5,1,0.0005176429988784402,0.00014841199168892847
possibly	1,0,0.0001725476662928134,7.420599584446424e-05
powerquest	0,1,8.62738331464067e-05,0.00014841199168892847
pray	0,1,8.62738331464067e-05,0.00014841199168892847
prbolem	0,1,8.62738331464067e-05,0.00014841199168892847
pre	0,1,8.62738331464067e-05,0.00014841199168892847
preferences	0,2,8.62738331464067e-05,0.0002226179875333927
premature	1,0,0.0001725476662928134,7.420599584446424e-05
premiums	0,2,8.62738331464067e-05,0.0002226179875333927
preposition	0,1,8.62738331464067e-05,0.00014841199168892847
presas	2,0,0.0002588214994392201,7.420599584446424e-05
presccription	0,1,8.62738331464067e-05,0.00014841199168892847
presumably	0,1,8.62738331464067e-05,0.00014841199168892847
prevatt	4,0,0.0004313691657320335,7.420599584446424e-05
previously	1,1,0.0001725476662928134,0.00014841199168892847
price	9,14,0.000862738331464067,0.0011130899376669634
pricked	0,1,8.62738331464067e-05,0.00014841199168892847
priicce	0,1,8.62738331464067e-05,0.00014841199168892847
priice	0,1,8.62738331464067e-05,0.00014841199168892847
principle	0,1,8.62738331464067e-05,0.00014841199168892847
priscilla	1,0,0.0001725476662928134,7.420599584446424e-05
problem	1,2,0.0001725476662928134,0.0002226179875333927
problematic	1,0,0.0001725476662928134,7.420599584446424e-05
proceed	0,2,8.62738331464067e-05,0.0002226179875333927
production	6,2,0.0006039168320248468,0.0002226179875333927
professionals	2,0,0.0002588214994392201,7.420599584446424e-05
profile	2,1,0.0002588214994392201,0.00014841199168892847
profit	0,5,8.62738331464067e-05,0.0004452359750667854
progress	2,0,0.0002588214994392201,7.420599584446424e-05
project	7,9,0.0006901906651712536,0.0007420599584446423
promised	0,1,8.62738331464067e-05,0.00014841199168892847
promising	0,1,8.62738331464067e-05,0.00014841199168892847
promote	0,2,8.62738331464067e-05,0.0002226179875333927
proposed	2,0,0.0002588214994392201,7.420599584446424e-05
provided	0,3,8.62738331464067e-05,0.00029682398337785694
providers	0,2,8.62738331464067e-05,0.0002226179875333927
providing	1,1,0.0001725476662928134,0.00014841199168892847
province	0,1,8.62738331464067e-05,0.00014841199168892847
prriicegreat	0,1,8.62738331464067e-05,0.00014841199168892847
pting	0,1,8.62738331464067e-05,0.00014841199168892847
public	1,0,0.0001725476662928134,7.420599584446424e-05
publicity	0,1,8.62738331464067e-05,0.00014841199168892847
published	0,3,8.62738331464067e-05,0.00029682398337785694
publishing	0,2,8.62738331464067e-05,0.0002226179875333927
pure	0,1,8.62738331464067e-05,0.00014841199168892847
put	3,8,0.0003450953325856268,0.0006678539626001781
pwarden	1,0,0.0001725476662928134,7.420599584446424e-05
qualified	0,1,8.62738331464067e-05,0.00014841199168892847
quality	4,8,0.0004313691657320335,0.0006678539626001781
question	0,7,8.62738331464067e-05,0.0005936479667557139
quickens	0,1,8.62738331464067e-05,0.00014841199168892847
quite	2,1,0.0002588214994392201,0.00014841199168892847
quitting	0,1,8.62738331464067e-05,0.00014841199168892847
r	2,13,0.0002588214994392201,0.0010388839418224993
rabey	1,0,0.0001725476662928134,7.420599584446424e-05
race	0,1,8.62738331464067e-05,0.00014841199168892847
ran	0,2,8.62738331464067e-05,0.0002226179875333927
randle	1,0,0.0001725476662928134,7.420599584446424e-05
randomly	0,1,8.62738331464067e-05,0.00014841199168892847
range	0,2,8.62738331464067e-05,0.0002226179875333927
rankings	1,0,0.0001725476662928134,7.420599584446424e-05
rare	0,1,8.62738331464067e-05,0.00014841199168892847
rat	0,2,8.62738331464067e-05,0.0002226179875333927
rated	0,2,8.62738331464067e-05,0.0002226179875333927
rates	2,3,0.0002588214994392201,0.00029682398337785694
rating	0,2,8.62738331464067e-05,0.0002226179875333927
ratio	0,1,8.62738331464067e-05,0.00014841199168892847
raymond	7,0,0.0006901906651712536,7.420599584446424e-05
rea	0,1,8.62738331464067e-05,0.00014841199168892847
reader	0,23,8.62738331464067e-05,0.0017809439002671415
real	0,10,8.62738331464067e-05,0.0008162659542891065
rear	0,1,8.62738331464067e-05,0.00014841199168892847
reason	2,3,0.0002588214994392201,0.00029682398337785694
rebel	0,2,8.62738331464067e-05,0.0002226179875333927
recently	4,0,0.0004313691657320335,7.420599584446424e-05
reception	1,0,0.0001725476662928134,7.420599584446424e-05
recipient	2,0,0.0002588214994392201,7.420599584446424e-05
recognition	0,1,8.62738331464067e-05,0.00014841199168892847
recommend	1,0,0.0001725476662928134,7.420599584446424e-05
recommendations	3,1,0.0003450953325856268,0.00014841199168892847
record	2,0,0.0002588214994392201,7.420599584446424e-05
recorded	0,1,8.62738331464067e-05,0.00014841199168892847
recovery	1,1,0.0001725476662928134,0.00014841199168892847
red	0,2,8.62738331464067e-05,0.0002226179875333927
redesign	0,2,8.62738331464067e-05,0.0002226179875333927
reduced	0,1,8.62738331464067e-05,0.00014841199168892847
reduces	0,2,8.62738331464067e-05,0.0002226179875333927
reflect	1,0,0.0001725476662928134,7.420599584446424e-05
reflected	1,0,0.0001725476662928134,7.420599584446424e-05
reflections	0,1,8.62738331464067e-05,0.00014841199168892847
regardless	3,0,0.0003450953325856268,7.420599584446424e-05
regards	4,0,0.0004313691657320335,7.420599584446424e-05
regina	0,6,8.62738331464067e-05,0.0005194419709112497
regional	8,0,0.0007764644983176603,7.420599584446424e-05
regions	4,1,0.0004313691657320335,0.00014841199168892847
regulations	3,0,0.0003450953325856268,7.420599584446424e-05
released	0,2,8.62738331464067e-05,0.0002226179875333927
releases	0,2,8.62738331464067e-05,0.0002226179875333927
reliantenergy	3,0,0.0003450953325856268,7.420599584446424e-05
remain	0,1,8.62738331464067e-05,0.00014841199168892847
remainder	2,0,0.0002588214994392201,7.420599584446424e-05
remaining	2,1,0.0002588214994392201,0.00014841199168892847
remind	0,1,8.62738331464067e-05,0.00014841199168892847
remove	0,4,8.62738331464067e-05,0.00037102997922232116
remunerate	0,1,8.62738331464067e-05,0.00014841199168892847
repeatedly	0,1,8.62738331464067e-05,0.00014841199168892847
replace	1,1,0.0001725476662928134,0.00014841199168892847
replies	0,1,8.62738331464067e-05,0.00014841199168892847
repling	1,0,0.0001725476662928134,7.420599584446424e-05
reportedly	1,0,0.0001725476662928134,7.420599584446424e-05
republicans	1,0,0.0001725476662928134,7.420599584446424e-05
request	3,8,0.0003450953325856268,0.0006678539626001781
require	2,0,0.0002588214994392201,7.420599584446424e-05
reread	0,1,8.62738331464067e-05,0.00014841199168892847
reserved	1,2,0.0001725476662928134,0.0002226179875333927
residue	1,0,0.0001725476662928134,7.420599584446424e-05
resolve	4,0,0.0004313691657320335,7.420599584446424e-05
resources	15,6,0.0013803813303425072,0.0005194419709112497
response	0,2,8.62738331464067e-05,0.0002226179875333927
responsibility	10,0,0.0009490121646104736,7.420599584446424e-05
restless	0,1,8.62738331464067e-05,0.00014841199168892847
results	1,3,0.0001725476662928134,0.00029682398337785694
resume	3,0,0.0003450953325856268,7.420599584446424e-05
retarding	0,1,8.62738331464067e-05,0.00014841199168892847
retire	1,1,0.0001725476662928134,0.00014841199168892847
return	5,2,0.0005176429988784402,0.0002226179875333927
returned	0,2,8.62738331464067e-05,0.0002226179875333927
rev	2,0,0.0002588214994392201,7.420599584446424e-05
revenue	2,0,0.0002588214994392201,7.420599584446424e-05
reversed	0,1,8.62738331464067e-05,0.00014841199168892847
revolutionary	0,1,8.62738331464067e-05,0.00014841199168892847
rewarding	0,2,8.62738331464067e-05,0.0002226179875333927
rge	0,1,8.62738331464067e-05,0.00014841199168892847
rhine	0,1,8.62738331464067e-05,0.00014841199168892847
rhinopez	0,1,8.62738331464067e-05,0.00014841199168892847
ride	2,0,0.0002588214994392201,7.420599584446424e-05
rightly	0,1,8.62738331464067e-05,0.00014841199168892847
rights	0,4,8.62738331464067e-05,0.00037102997922232116
rise	0,1,8.62738331464067e-05,0.00014841199168892847
risk	31,3,0.0027607626606850144,0.00029682398337785694
rita	3,0,0.0003450953325856268,7.420599584446424e-05
river	1,1,0.0001725476662928134,0.00014841199168892847
riverdeep	0,1,8.62738331464067e-05,0.00014841199168892847
rmation	0,1,8.62738331464067e-05,0.00014841199168892847
robert	6,1,0.0006039168320248468,0.00014841199168892847
rodney	1,0,0.0001725476662928134,7.420599584446424e-05
rodriguez	2,0,0.0002588214994392201,7.420599584446424e-05
rogram	0,1,8.62738331464067e-05,0.00014841199168892847
roll	0,1,8.62738331464067e-05,0.00014841199168892847
romantic	1,0,0.0001725476662928134,7.420599584446424e-05
romeo	1,0,0.0001725476662928134,7.420599584446424e-05
roof	0,2,8.62738331464067e-05,0.0002226179875333927
rosel	0,2,8.62738331464067e-05,0.0002226179875333927
rossman	0,12,8.62738331464067e-05,0.000964677945978035
round	0,1,8.62738331464067e-05,0.00014841199168892847
roxio	0,1,8.62738331464067e-05,0.00014841199168892847
rules	0,1,8.62738331464067e-05,0.00014841199168892847
ruling	2,0,0.0002588214994392201,7.420599584446424e-05
runkel	1,0,0.0001725476662928134,7.420599584446424e-05
rx	0,1,8.62738331464067e-05,0.00014841199168892847
saa	0,1,8.62738331464067e-05,0.00014841199168892847
saave	0,7,8.62738331464067e-05,0.0005936479667557139
said	0,2,8.62738331464067e-05,0.0002226179875333927
salaried	0,1,8.62738331464067e-05,0.00014841199168892847
sallen	1,0,0.0001725476662928134,7.420599584446424e-05
sally	23,0,0.0020705719955137606,7.420599584446424e-05
sam	3,0,0.0003450953325856268,7.420599584446424e-05
sample	0,6,8.62738331464067e-05,0.0005194419709112497
sandton	0,2,8.62738331464067e-05,0.0002226179875333927
sap	17,0,0.0015529289966353206,7.420599584446424e-05
saving	0,2,8.62738331464067e-05,0.0002226179875333927
say	1,2,0.0001725476662928134,0.0002226179875333927
saying	0,3,8.62738331464067e-05,0.00029682398337785694
scenario	1,0,0.0001725476662928134,7.420599584446424e-05
schafer	1,0,0.0001725476662928134,7.420599584446424e-05
schaffer	1,0,0.0001725476662928134,7.420599584446424e-05
scheduled	3,0,0.0003450953325856268,7.420599584446424e-05
scheduling	4,0,0.0004313691657320335,7.420599584446424e-05
school	0,1,8.62738331464067e-05,0.00014841199168892847
score	0,1,8.62738331464067e-05,0.00014841199168892847
scotty	1,0,0.0001725476662928134,7.420599584446424e-05
scout	1,0,0.0001725476662928134,7.420599584446424e-05
scratch	0,1,8.62738331464067e-05,0.00014841199168892847
sds	0,1,8.62738331464067e-05,0.00014841199168892847
searching	1,1,0.0001725476662928134,0.00014841199168892847
second	1,3,0.0001725476662928134,0.00029682398337785694
securitization	2,0,0.0002588214994392201,7.420599584446424e-05
security	1,5,0.0001725476662928134,0.0004452359750667854
seem	0,2,8.62738331464067e-05,0.0002226179875333927
seemed	1,1,0.0001725476662928134,0.00014841199168892847
selection	2,2,0.0002588214994392201,0.0002226179875333927
self	1,2,0.0001725476662928134,0.0002226179875333927
sell	0,5,8.62738331464067e-05,0.0004452359750667854
selling	1,7,0.0001725476662928134,0.0005936479667557139
sempra	1,0,0.0001725476662928134,7.420599584446424e-05
send	3,13,0.0003450953325856268,0.0010388839418224993
sending	0,1,8.62738331464067e-05,0.00014841199168892847
sergeev	5,0,0.0005176429988784402,7.420599584446424e-05
serve	0,5,8.62738331464067e-05,0.0004452359750667854
server	0,5,8.62738331464067e-05,0.0004452359750667854
service	2,32,0.0002588214994392201,0.0024487978628673196
settanni	1,0,0.0001725476662928134,7.420599584446424e-05
settingt	0,1,8.62738331464067e-05,0.00014841199168892847
setup	2,2,0.0002588214994392201,0.0002226179875333927
sex	0,1,8.62738331464067e-05,0.00014841199168892847
shakespeare	0,3,8.62738331464067e-05,0.00029682398337785694
share	3,4,0.0003450953325856268,0.00037102997922232116
sharply	0,1,8.62738331464067e-05,0.00014841199168892847
sheila	4,0,0.0004313691657320335,7.420599584446424e-05
shirley	18,0,0.0016392028297817272,7.420599584446424e-05
shortly	0,1,8.62738331464067e-05,0.00014841199168892847
shoulder	0,1,8.62738331464067e-05,0.00014841199168892847
showcase	0,9,8.62738331464067e-05,0.0007420599584446423
shows	1,0,0.0001725476662928134,7.420599584446424e-05
shults	1,0,0.0001725476662928134,7.420599584446424e-05
siberia	0,1,8.62738331464067e-05,0.00014841199168892847
sick	0,1,8.62738331464067e-05,0.00014841199168892847
sight	0,1,8.62738331464067e-05,0.00014841199168892847
signature	0,1,8.62738331464067e-05,0.00014841199168892847
significance	1,0,0.0001725476662928134,7.420599584446424e-05
significant	3,1,0.0003450953325856268,0.00014841199168892847
signups	0,1,8.62738331464067e-05,0.00014841199168892847
single	1,3,0.0001725476662928134,0.00029682398337785694
sit	0,1,8.62738331464067e-05,0.00014841199168892847
sites	0,26,8.62738331464067e-05,0.002003561887800534
skilling	1,0,0.0001725476662928134,7.420599584446424e-05
skinner	3,0,0.0003450953325856268,7.420599584446424e-05
sleep	0,2,8.62738331464067e-05,0.0002226179875333927
slipped	0,1,8.62738331464067e-05,0.00014841199168892847
slow	3,0,0.0003450953325856268,7.420599584446424e-05
small	0,2,8.62738331464067e-05,0.0002226179875333927
smith	6,0,0.0006039168320248468,7.420599584446424e-05
smithc	1,0,0.0001725476662928134,7.420599584446424e-05
smoker	0,1,8.62738331464067e-05,0.00014841199168892847
snowboard	1,0,0.0001725476662928134,7.420599584446424e-05
soap	0,2,8.62738331464067e-05,0.0002226179875333927
softwares	0,1,8.62738331464067e-05,0.00014841199168892847
sometime	2,0,0.0002588214994392201,7.420599584446424e-05
son	0,9,8.62738331464067e-05,0.0007420599584446423
soon	5,3,0.0005176429988784402,0.00029682398337785694
soundmax	0,1,8.62738331464067e-05,0.00014841199168892847
source	3,1,0.0003450953325856268,0.00014841199168892847
southern	1,0,0.0001725476662928134,7.420599584446424e-05
southwest	1,0,0.0001725476662928134,7.420599584446424e-05
specials	0,3,8.62738331464067e-05,0.00029682398337785694
specifically	0,2,8.62738331464067e-05,0.0002226179875333927
splitting	0,1,8.62738331464067e-05,0.00014841199168892847
spoke	1,0,0.0001725476662928134,7.420599584446424e-05
sponsorship	0,3,8.62738331464067e-05,0.00029682398337785694
spotlight	0,1,8.62738331464067e-05,0.00014841199168892847
spp	1,0,0.0001725476662928134,7.420599584446424e-05
spread	1,0,0.0001725476662928134,7.420599584446424e-05
sql	0,1,8.62738331464067e-05,0.00014841199168892847
st	1,1,0.0001725476662928134,0.00014841199168892847
stability	0,3,8.62738331464067e-05,0.00029682398337785694
standard	1,2,0.0001725476662928134,0.0002226179875333927
start	1,8,0.0001725476662928134,0.0006678539626001781
started	0,3,8.62738331464067e-05,0.00029682398337785694
starting	0,1,8.62738331464067e-05,0.00014841199168892847
stated	2,0,0.0002588214994392201,7.420599584446424e-05
statement	0,1,8.62738331464067e-05,0.00014841199168892847
states	1,2,0.0001725476662928134,0.0002226179875333927
stearns	2,0,0.0002588214994392201,7.420599584446424e-05
stefkatz	1,0,0.0001725476662928134,7.420599584446424e-05
stella	6,0,0.0006039168320248468,7.420599584446424e-05
step	1,1,0.0001725476662928134,0.00014841199168892847
stil	0,1,8.62738331464067e-05,0.00014841199168892847
still	7,4,0.0006901906651712536,0.00037102997922232116
stilled	0,1,8.62738331464067e-05,0.00014841199168892847
stores	0,3,8.62738331464067e-05,0.00029682398337785694
stories	0,4,8.62738331464067e-05,0.00037102997922232116
stove	0,1,8.62738331464067e-05,0.00014841199168892847
straight	4,0,0.0004313691657320335,7.420599584446424e-05
strain	0,1,8.62738331464067e-05,0.00014841199168892847
strangas	1,0,0.0001725476662928134,7.420599584446424e-05
strange	0,2,8.62738331464067e-05,0.0002226179875333927
strategic	1,2,0.0001725476662928134,0.0002226179875333927
strategies	0,2,8.62738331464067e-05,0.0002226179875333927
street	1,0,0.0001725476662928134,7.420599584446424e-05
strength	0,1,8.62738331464067e-05,0.00014841199168892847
stretch	1,1,0.0001725476662928134,0.00014841199168892847
strictly	1,0,0.0001725476662928134,7.420599584446424e-05
strong	1,1,0.0001725476662928134,0.00014841199168892847
stuff	3,1,0.0003450953325856268,0.00014841199168892847
stukm	0,1,8.62738331464067e-05,0.00014841199168892847
style	0,1,8.62738331464067e-05,0.00014841199168892847
submissions	0,2,8.62738331464067e-05,0.0002226179875333927
submit	1,5,0.0001725476662928134,0.0004452359750667854
subscribed	0,2,8.62738331464067e-05,0.0002226179875333927
subscribers	0,1,8.62738331464067e-05,0.00014841199168892847
subscription	0,7,8.62738331464067e-05,0.0005936479667557139
substantial	0,2,8.62738331464067e-05,0.0002226179875333927
succeeded	1,0,0.0001725476662928134,7.420599584446424e-05
successfully	0,1,8.62738331464067e-05,0.00014841199168892847
such	1,3,0.0001725476662928134,0.00029682398337785694
sue	2,0,0.0002588214994392201,7.420599584446424e-05
sugar	2,1,0.0002588214994392201,0.00014841199168892847
sunrise	0,1,8.62738331464067e-05,0.00014841199168892847
superb	0,1,8.62738331464067e-05,0.00014841199168892847
supervisor	4,0,0.0004313691657320335,7.420599584446424e-05
suppliers	6,0,0.0006039168320248468,7.420599584446424e-05
supports	2,0,0.0002588214994392201,7.420599584446424e-05
suppressant	0,1,8.62738331464067e-05,0.00014841199168892847
suprervisagra	0,1,8.62738331464067e-05,0.00014841199168892847
sure	4,7,0.0004313691657320335,0.0005936479667557139
sweet	0,3,8.62738331464067e-05,0.00029682398337785694
sylg	0,1,8.62738331464067e-05,0.00014841199168892847
systems	3,2,0.0003450953325856268,0.0002226179875333927
tablet	1,0,0.0001725476662928134,7.420599584446424e-05
taken	2,0,0.0002588214994392201,7.420599584446424e-05
talent	2,0,0.0002588214994392201,7.420599584446424e-05
tall	0,1,8.62738331464067e-05,0.00014841199168892847
tang	5,0,0.0005176429988784402,7.420599584446424e-05
tantalum	0,1,8.62738331464067e-05,0.00014841199168892847
tarrif	2,0,0.0002588214994392201,7.420599584446424e-05
taylorja	1,0,0.0001725476662928134,7.420599584446424e-05
teacher	0,1,8.62738331464067e-05,0.00014841199168892847
team	16,0,0.001466655163488914,7.420599584446424e-05
tears	0,1,8.62738331464067e-05,0.00014841199168892847
technical	0,2,8.62738331464067e-05,0.0002226179875333927
tele	0,1,8.62738331464067e-05,0.00014841199168892847
tendererlycopodium	0,1,8.62738331464067e-05,0.00014841199168892847
terminate	0,1,8.62738331464067e-05,0.00014841199168892847
terms	5,0,0.0005176429988784402,7.420599584446424e-05
testimonials	0,2,8.62738331464067e-05,0.0002226179875333927
texas	1,0,0.0001725476662928134,7.420599584446424e-05
text	2,13,0.0002588214994392201,0.0010388839418224993
textures	0,1,8.62738331464067e-05,0.00014841199168892847
thank	4,2,0.0004313691657320335,0.0002226179875333927
thanking	1,2,0.0001725476662928134,0.0002226179875333927
the	453,535,0.03916832024846864,0.03977441377263283
their	12,24,0.001121559830903287,0.0018551498961116059
these	22,18,0.001984298162367354,0.0014099139210448203
thickness	0,1,8.62738331464067e-05,0.00014841199168892847
thimble	0,1,8.62738331464067e-05,0.00014841199168892847
thought	1,1,0.0001725476662928134,0.00014841199168892847
throughout	0,2,8.62738331464067e-05,0.0002226179875333927
thunder	0,1,8.62738331464067e-05,0.00014841199168892847
timekeeping	2,0,0.0002588214994392201,7.420599584446424e-05
timely	2,0,0.0002588214994392201,7.420599584446424e-05
times	2,2,0.0002588214994392201,0.0002226179875333927
timesheets	1,0,0.0001725476662928134,7.420599584446424e-05
timing	1,0,0.0001725476662928134,7.420599584446424e-05
timshometownstories	0,2,8.62738331464067e-05,0.0002226179875333927
tinned	0,1,8.62738331464067e-05,0.00014841199168892847
title	1,3,0.0001725476662928134,0.00029682398337785694
toilet	0,1,8.62738331464067e-05,0.00014841199168892847
told	2,3,0.0002588214994392201,0.00029682398337785694
tone	1,0,0.0001725476662928134,7.420599584446424e-05
top	2,4,0.0002588214994392201,0.00037102997922232116
toronto	0,1,8.62738331464067e-05,0.00014841199168892847
toward	0,1,8.62738331464067e-05,0.00014841199168892847
towel	0,1,8.62738331464067e-05,0.00014841199168892847
tower	0,2,8.62738331464067e-05,0.0002226179875333927
town	1,2,0.0001725476662928134,0.0002226179875333927
toy	0,1,8.62738331464067e-05,0.00014841199168892847
tracks	0,2,8.62738331464067e-05,0.0002226179875333927
trade	3,14,0.0003450953325856268,0.0011130899376669634
trader	4,0,0.0004313691657320335,7.420599584446424e-05
traffic	0,7,8.62738331464067e-05,0.0005936479667557139
tramadol	0,2,8.62738331464067e-05,0.0002226179875333927
trans	1,0,0.0001725476662928134,7.420599584446424e-05
transact	1,0,0.0001725476662928134,7.420599584446424e-05
transcanada	2,0,0.0002588214994392201,7.420599584446424e-05
transco	2,0,0.0002588214994392201,7.420599584446424e-05
transmissions	1,0,0.0001725476662928134,7.420599584446424e-05
transport	2,1,0.0002588214994392201,0.00014841199168892847
transporting	1,0,0.0001725476662928134,7.420599584446424e-05
trash	0,1,8.62738331464067e-05,0.00014841199168892847
travel	1,2,0.0001725476662928134,0.0002226179875333927
traveling	0,1,8.62738331464067e-05,0.00014841199168892847
treasonous	0,1,8.62738331464067e-05,0.00014841199168892847
tree	1,1,0.0001725476662928134,0.00014841199168892847
trial	0,3,8.62738331464067e-05,0.00029682398337785694
trip	2,0,0.0002588214994392201,7.420599584446424e-05
trisha	1,0,0.0001725476662928134,7.420599584446424e-05
trista	2,0,0.0002588214994392201,7.420599584446424e-05
truly	0,1,8.62738331464067e-05,0.00014841199168892847
trunk	0,2,8.62738331464067e-05,0.0002226179875333927
truth	0,2,8.62738331464067e-05,0.0002226179875333927
try	2,6,0.0002588214994392201,0.0005194419709112497
trying	1,2,0.0001725476662928134,0.0002226179875333927
tuneful	0,1,8.62738331464067e-05,0.00014841199168892847
tungsten	0,1,8.62738331464067e-05,0.00014841199168892847
turner	1,0,0.0001725476662928134,7.420599584446424e-05
twice	0,2,8.62738331464067e-05,0.0002226179875333927
type	0,10,8.62738331464067e-05,0.0008162659542891065
u	0,3,8.62738331464067e-05,0.00029682398337785694
uafn	0,1,8.62738331464067e-05,0.00014841199168892847
ugh	0,1,8.62738331464067e-05,0.00014841199168892847
unblock	0,1,8.62738331464067e-05,0.00014841199168892847
unblocking	0,4,8.62738331464067e-05,0.00037102997922232116
uncollected	1,0,0.0001725476662928134,7.420599584446424e-05
undercollected	1,0,0.0001725476662928134,7.420599584446424e-05
understand	3,4,0.0003450953325856268,0.00037102997922232116
understanding	5,2,0.0005176429988784402,0.0002226179875333927
undeveloped	0,1,8.62738331464067e-05,0.00014841199168892847
unify	1,0,0.0001725476662928134,7.420599584446424e-05
unique	1,1,0.0001725476662928134,0.00014841199168892847
university	1,0,0.0001725476662928134,7.420599584446424e-05
unless	3,1,0.0003450953325856268,0.00014841199168892847
unlike	0,1,8.62738331464067e-05,0.00014841199168892847
unnecessarily	0,1,8.62738331464067e-05,0.00014841199168892847
unocal	1,0,0.0001725476662928134,7.420599584446424e-05
upload	0,1,8.62738331464067e-05,0.00014841199168892847
uploaded	0,1,8.62738331464067e-05,0.00014841199168892847
upon	2,5,0.0002588214994392201,0.0004452359750667854
ur	0,1,8.62738331464067e-05,0.00014841199168892847
urgency	0,1,8.62738331464067e-05,0.00014841199168892847
url	0,3,8.62738331464067e-05,0.00029682398337785694
usb	0,1,8.62738331464067e-05,0.00014841199168892847
use	4,37,0.0004313691657320335,0.0028198278420896407
useful	1,3,0.0001725476662928134,0.00029682398337785694
user	5,2,0.0005176429988784402,0.0002226179875333927
valid	0,4,8.62738331464067e-05,0.00037102997922232116
valium	0,1,8.62738331464067e-05,0.00014841199168892847
vance	1,0,0.0001725476662928134,7.420599584446424e-05
vary	0,1,8.62738331464067e-05,0.00014841199168892847
vastar	8,0,0.0007764644983176603,7.420599584446424e-05
ve	9,7,0.000862738331464067,0.0005936479667557139
vendor	2,0,0.0002588214994392201,7.420599584446424e-05
verbry	0,1,8.62738331464067e-05,0.00014841199168892847
version	6,2,0.0006039168320248468,0.0002226179875333927
verypowerful	0,1,8.62738331464067e-05,0.00014841199168892847
viag	0,1,8.62738331464067e-05,0.00014841199168892847
vice	6,0,0.0006039168320248468,7.420599584446424e-05
vicqodin	0,1,8.62738331464067e-05,0.00014841199168892847
vincent	5,0,0.0005176429988784402,7.420599584446424e-05
vintage	2,0,0.0002588214994392201,7.420599584446424e-05
virtues	0,1,8.62738331464067e-05,0.00014841199168892847
visual	0,1,8.62738331464067e-05,0.00014841199168892847
voice	3,1,0.0003450953325856268,0.00014841199168892847
voted	0,1,8.62738331464067e-05,0.00014841199168892847
voting	0,1,8.62738331464067e-05,0.00014841199168892847
wa	0,2,8.62738331464067e-05,0.0002226179875333927
wall	0,1,8.62738331464067e-05,0.00014841199168892847
walpole	0,1,8.62738331464067e-05,0.00014841199168892847
walsh	2,0,0.0002588214994392201,7.420599584446424e-05
war	0,2,8.62738331464067e-05,0.0002226179875333927
wardsgiftshop	0,1,8.62738331464067e-05,0.00014841199168892847
warrants	2,0,0.0002588214994392201,7.420599584446424e-05
warranty	0,1,8.62738331464067e-05,0.00014841199168892847
wash	0,1,8.62738331464067e-05,0.00014841199168892847
washing	0,4,8.62738331464067e-05,0.00037102997922232116
wealth	0,1,8.62738331464067e-05,0.00014841199168892847
web	1,14,0.0001725476662928134,0.0011130899376669634
websites	0,2,8.62738331464067e-05,0.0002226179875333927
weekly	0,1,8.62738331464067e-05,0.00014841199168892847
weeks	6,0,0.0006039168320248468,7.420599584446424e-05
weight	0,2,8.62738331464067e-05,0.0002226179875333927
welch	1,0,0.0001725476662928134,7.420599584446424e-05
were	6,19,0.0006039168320248468,0.0014841199168892847
whelan	1,0,0.0001725476662928134,7.420599584446424e-05
whether	1,2,0.0001725476662928134,0.0002226179875333927
which	15,20,0.0013803813303425072,0.001558325912733749
while	4,6,0.0004313691657320335,0.0005194419709112497
whole	0,2,8.62738331464067e-05,0.0002226179875333927
winners	0,1,8.62738331464067e-05,0.00014841199168892847
wisely	0,2,8.62738331464067e-05,0.0002226179875333927
with	72,76,0.006297989819687689,0.005713861680023746
withers	2,0,0.0002588214994392201,7.420599584446424e-05
wives	0,1,8.62738331464067e-05,0.00014841199168892847
wood	1,0,0.0001725476662928134,7.420599584446424e-05
word	2,5,0.0002588214994392201,0.0004452359750667854
wording	0,1,8.62738331464067e-05,0.00014841199168892847
workforce	1,0,0.0001725476662928134,7.420599584446424e-05
workout	1,0,0.0001725476662928134,7.420599584446424e-05
workstation	0,1,8.62738331464067e-05,0.00014841199168892847
world	0,6,8.62738331464067e-05,0.0005194419709112497
worry	1,1,0.0001725476662928134,0.00014841199168892847
worrying	0,1,8.62738331464067e-05,0.00014841199168892847
worth	1,0,0.0001725476662928134,7.420599584446424e-05
worthwhile	0,1,8.62738331464067e-05,0.00014841199168892847
would	32,22,0.002847036493831421,0.0017067379044226774
write	0,13,8.62738331464067e-05,0.0010388839418224993
wrote	1,2,0.0001725476662928134,0.0002226179875333927
ws	0,1,8.62738331464067e-05,0.00014841199168892847
wsc	0,1,8.62738331464067e-05,0.00014841199168892847
www	1,28,0.0001725476662928134,0.0021519738794894628
wynne	2,0,0.0002588214994392201,7.420599584446424e-05
x	15,2,0.0013803813303425072,0.0002226179875333927
xan	0,1,8.62738331464067e-05,0.00014841199168892847
xent	0,2,8.62738331464067e-05,0.0002226179875333927
xes	0,1,8.62738331464067e-05,0.00014841199168892847
yanowski	1,0,0.0001725476662928134,7.420599584446424e-05
yard	2,0,0.0002588214994392201,7.420599584446424e-05
ycon	0,2,8.62738331464067e-05,0.0002226179875333927
yeah	2,0,0.0002588214994392201,7.420599584446424e-05
yearno	0,1,8.62738331464067e-05,0.00014841199168892847
yesterdays	1,0,0.0001725476662928134,7.420599584446424e-05
yoursuccess	0,2,8.62738331464067e-05,0.0002226179875333927
zaak	0,2,8.62738331464067e-05,0.0002226179875333927
zaako	0,1,8.62738331464067e-05,0.00014841199168892847
zac	0,1,8.62738331464067e-05,0.00014841199168892847
zxs	0,1,8.62738331464067e-05,0.00014841199168892847
ClassPriors	47,33,0.5875,0.4125
a	168,274,0.014580277801742732,0.020406648857227663
absent	1,0,0.0001725476662928134,7.420599584446424e-05
absenteeism	0,1,8.62738331464067e-05,0.00014841199168892847
abused	0,1,8.62738331464067e-05,0.00014841199168892847
accelerate	0,1,8.62738331464067e-05,0.00014841199168892847
accepts	1,0,0.0001725476662928134,7.420599584446424e-05
acrobaat	0,1,8.62738331464067e-05,0.00014841199168892847
actress	0,1,8.62738331464067e-05,0.00014841199168892847
actual	0,3,8.62738331464067e-05,0.00029682398337785694
addition	5,0,0.0005176429988784402,7.420599584446424e-05
address	1,18,0.0001725476662928134,0.0014099139210448203
addressed	1,0,0.0001725476662928134,7.420599584446424e-05
addresses	1,2,0.0001725476662928134,0.0002226179875333927
addressing	1,0,0.0001725476662928134,7.420599584446424e-05
administration	2,0,0.0002588214994392201,7.420599584446424e-05
admitted	1,0,0.0001725476662928134,7.420599584446424e-05
admixture	0,1,8.62738331464067e-05,0.00014841199168892847
adult	0,2,8.62738331464067e-05,0.0002226179875333927
advantages	0,1,8.62738331464067e-05,0.00014841199168892847
advertise	0,2,8.62738331464067e-05,0.0002226179875333927
advertisments	0,1,8.62738331464067e-05,0.00014841199168892847
advises	1,0,0.0001725476662928134,7.420599584446424e-05
advs	0,1,8.62738331464067e-05,0.00014841199168892847
afeee	0,1,8.62738331464067e-05,0.00014841199168892847
aff	0,1,8.62738331464067e-05,0.00014841199168892847
affiliates	0,3,8.62738331464067e-05,0.00029682398337785694
afirst	0,1,8.62738331464067e-05,0.00014841199168892847
age	0,4,8.62738331464067e-05,0.00037102997922232116
aggressive	0,1,8.62738331464067e-05,0.00014841199168892847
agouti	0,1,8.62738331464067e-05,0.00014841199168892847
agreed	2,0,0.0002588214994392201,7.420599584446424e-05
agreement	12,2,0.001121559830903287,0.0002226179875333927
ahead	0,1,8.62738331464067e-05,0.00014841199168892847
air	3,3,0.0003450953325856268,0.00029682398337785694
airport	2,0,0.0002588214994392201,7.420599584446424e-05
aka	0,1,8.62738331464067e-05,0.00014841199168892847
akkabay	0,4,8.62738331464067e-05,0.00037102997922232116
al	0,1,8.62738331464067e-05,0.00014841199168892847
alexios	1,0,0.0001725476662928134,7.420599584446424e-05
all	32,54,0.002847036493831421,0.004081329771445533
alleviates	0,1,8.62738331464067e-05,0.00014841199168892847
alli	1,0,0.0001725476662928134,7.420599584446424e-05
allocated	2,0,0.0002588214994392201,7.420599584446424e-05
allocating	2,0,0.0002588214994392201,7.420599584446424e-05
allocations	4,0,0.0004313691657320335,7.420599584446424e-05
allows	2,1,0.0002588214994392201,0.00014841199168892847
along	0,2,8.62738331464067e-05,0.0002226179875333927
alternative	0,1,8.62738331464067e-05,0.00014841199168892847
altra	1,0,0.0001725476662928134,7.420599584446424e-05
amadol	0,1,8.62738331464067e-05,0.00014841199168892847
amb	0,1,8.62738331464067e-05,0.00014841199168892847
amended	1,0,0.0001725476662928134,7.420599584446424e-05
americ	0,2,8.62738331464067e-05,0.0002226179875333927
american	0,2,8.62738331464067e-05,0.0002226179875333927
amex	0,1,8.62738331464067e-05,0.00014841199168892847
amiable	0,1,8.62738331464067e-05,0.00014841199168892847
amitava	4,0,0.0004313691657320335,7.420599584446424e-05
amounts	0,1,8.62738331464067e-05,0.00014841199168892847
anal	0,1,8.62738331464067e-05,0.00014841199168892847
analysis	3,0,0.0003450953325856268,7.420599584446424e-05
and	258,277,0.022344922784919334,0.020629266844761057
andrea	3,0,0.0003450953325856268,7.420599584446424e-05
angels	0,2,8.62738331464067e-05,0.0002226179875333927
anheuser	0,1,8.62738331464067e-05,0.00014841199168892847
annals	0,1,8.62738331464067e-05,0.00014841199168892847
announcement	1,4,0.0001725476662928134,0.00037102997922232116
annuallouy	0,1,8.62738331464067e-05,0.00014841199168892847
anonymise	0,1,8.62738331464067e-05,0.00014841199168892847
ante	0,1,8.62738331464067e-05,0.00014841199168892847
antivirus	0,1,8.62738331464067e-05,0.00014841199168892847
any	32,25,0.002847036493831421,0.00192935589195607
anyare	0,1,8.62738331464067e-05,0.00014841199168892847
aol	2,3,0.0002588214994392201,0.00029682398337785694
apoligize	2,0,0.0002588214994392201,7.420599584446424e-05
apologize	2,1,0.0002588214994392201,0.00014841199168892847
appeals	0,3,8.62738331464067e-05,0.00029682398337785694
appears	2,0,0.0002588214994392201,7.420599584446424e-05
apply	1,3,0.0001725476662928134,0.00029682398337785694
appreciate	1,0,0.0001725476662928134,7.420599584446424e-05
appreciation	2,0,0.0002588214994392201,7.420599584446424e-05
approved	1,4,0.0001725476662928134,0.00037102997922232116
approximately	4,0,0.0004313691657320335,7.420599584446424e-05
aqoj	0,1,8.62738331464067e-05,0.00014841199168892847
area	1,1,0.0001725476662928134,0.00014841199168892847
around	3,1,0.0003450953325856268,0.00014841199168892847
arrange	2,2,0.0002588214994392201,0.0002226179875333927
ashburton	0,3,8.62738331464067e-05,0.00029682398337785694
ask	2,6,0.0002588214994392201,0.0005194419709112497
asked	1,1,0.0001725476662928134,0.00014841199168892847
asking	5,3,0.0005176429988784402,0.00029682398337785694
aspermont	0,3,8.62738331464067e-05,0.00029682398337785694
assemblyman	3,0,0.0003450953325856268,7.420599584446424e-05
assignment	1,0,0.0001725476662928134,7.420599584446424e-05
assuming	1,0,0.0001725476662928134,7.420599584446424e-05
atop	0,1,8.62738331464067e-05,0.00014841199168892847
attatched	2,0,0.0002588214994392201,7.420599584446424e-05
attend	6,1,0.0006039168320248468,0.00014841199168892847
attended	0,1,8.62738331464067e-05,0.00014841199168892847
attending	1,0,0.0001725476662928134,7.420599584446424e-05
attention	0,3,8.62738331464067e-05,0.00029682398337785694
attest	1,0,0.0001725476662928134,7.420599584446424e-05
attn	0,2,8.62738331464067e-05,0.0002226179875333927
audit	2,0,0.0002588214994392201,7.420599584446424e-05
authorities	0,1,8.62738331464067e-05,0.00014841199168892847
authorized	0,1,8.62738331464067e-05,0.00014841199168892847
automated	0,2,8.62738331464067e-05,0.0002226179875333927
aviation	1,0,0.0001725476662928134,7.420599584446424e-05
ax	0,1,8.62738331464067e-05,0.00014841199168892847
backgrounds	0,1,8.62738331464067e-05,0.00014841199168892847
bad	2,2,0.0002588214994392201,0.0002226179875333927
bank	0,4,8.62738331464067e-05,0.00037102997922232116
banked	0,1,8.62738331464067e-05,0.00014841199168892847
banking	3,0,0.0003450953325856268,7.420599584446424e-05
banners	0,1,8.62738331464067e-05,0.00014841199168892847
bannersgomlm	0,6,8.62738331464067e-05,0.0005194419709112497
bareback	0,1,8.62738331464067e-05,0.00014841199168892847
barnard	1,0,0.0001725476662928134,7.420599584446424e-05
based	6,4,0.0006039168320248468,0.00037102997922232116
bauxite	0,1,8.62738331464067e-05,0.00014841199168892847
be	90,84,0.00785091881632301,0.00630750964677946
beale	1,0,0.0001725476662928134,7.420599584446424e-05
become	0,4,8.62738331464067e-05,0.00037102997922232116
beers	1,0,0.0001725476662928134,7.420599584446424e-05
beetcn	0,1,8.62738331464067e-05,0.00014841199168892847
begin	0,4,8.62738331464067e-05,0.00037102997922232116
behalf	1,0,0.0001725476662928134,7.420599584446424e-05
being	8,2,0.0007764644983176603,0.0002226179875333927
believes	1,0,0.0001725476662928134,7.420599584446424e-05
belonged	0,1,8.62738331464067e-05,0.00014841199168892847
benchmarks	2,0,0.0002588214994392201,7.420599584446424e-05
benefit	2,7,0.0002588214994392201,0.0005936479667557139
ber	0,1,8.62738331464067e-05,0.00014841199168892847
best	6,12,0.0006039168320248468,0.000964677945978035
better	1,6,0.0001725476662928134,0.0005194419709112497
billion	5,1,0.0005176429988784402,0.00014841199168892847
birch	0,1,8.62738331464067e-05,0.00014841199168892847
bit	1,1,0.0001725476662928134,0.00014841199168892847
biz	0,2,8.62738331464067e-05,0.0002226179875333927
bjeffrie	1,0,0.0001725476662928134,7.420599584446424e-05
block	2,2,0.0002588214994392201,0.0002226179875333927
blocked	0,2,8.62738331464067e-05,0.0002226179875333927
blocking	0,1,8.62738331464067e-05,0.00014841199168892847
blow	0,1,8.62738331464067e-05,0.00014841199168892847
bmar	1,0,0.0001725476662928134,7.420599584446424e-05
bmlm	0,2,8.62738331464067e-05,0.0002226179875333927
board	0,3,8.62738331464067e-05,0.00029682398337785694
bob	5,0,0.0005176429988784402,7.420599584446424e-05
body	0,5,8.62738331464067e-05,0.0004452359750667854
bodyfrankfurter	0,1,8.62738331464067e-05,0.00014841199168892847
book	2,3,0.0002588214994392201,0.00029682398337785694
borrowers	0,1,8.62738331464067e-05,0.00014841199168892847
boss	0,1,8.62738331464067e-05,0.00014841199168892847
bottom	0,2,8.62738331464067e-05,0.0002226179875333927
bought	2,1,0.0002588214994392201,0.00014841199168892847
boundary	0,1,8.62738331464067e-05,0.00014841199168892847
brad	2,0,0.0002588214994392201,7.420599584446424e-05
break	4,1,0.0004313691657320335,0.00014841199168892847
brex	0,1,8.62738331464067e-05,0.00014841199168892847
brick	0,1,8.62738331464067e-05,0.00014841199168892847
broad	2,0,0.0002588214994392201,7.420599584446424e-05
brought	0,1,8.62738331464067e-05,0.00014841199168892847
browser	0,2,8.62738331464067e-05,0.0002226179875333927
btu	1,0,0.0001725476662928134,7.420599584446424e-05
buck	1,0,0.0001725476662928134,7.420599584446424e-05
buildings	0,1,8.62738331464067e-05,0.00014841199168892847
bullets	0,1,8.62738331464067e-05,0.00014841199168892847
burning	0,2,8.62738331464067e-05,0.0002226179875333927
busine	0,1,8.62738331464067e-05,0.00014841199168892847
busy	0,1,8.62738331464067e-05,0.00014841199168892847
but	21,35,0.0018980243292209473,0.0026714158504007124
byee	0,1,8.62738331464067e-05,0.00014841199168892847
bypass	0,1,8.62738331464067e-05,0.00014841199168892847
bypasses	0,1,8.62738331464067e-05,0.00014841199168892847
ca	4,0,0.0004313691657320335,7.420599584446424e-05
cabinets	1,0,0.0001725476662928134,7.420599584446424e-05
cage	1,0,0.0001725476662928134,7.420599584446424e-05
cal	1,1,0.0001725476662928134,0.00014841199168892847
calculations	2,0,0.0002588214994392201,7.420599584446424e-05
cali	0,1,8.62738331464067e-05,0.00014841199168892847
california	9,0,0.000862738331464067,7.420599584446424e-05
call	8,3,0.0007764644983176603,0.00029682398337785694
called	0,2,8.62738331464067e-05,0.0002226179875333927
calme	1,0,0.0001725476662928134,7.420599584446424e-05
came	0,2,8.62738331464067e-05,0.0002226179875333927
campus	0,1,8.62738331464067e-05,0.00014841199168892847
candidate	1,0,0.0001725476662928134,7.420599584446424e-05
cannot	1,2,0.0001725476662928134,0.0002226179875333927
capabilities	1,0,0.0001725476662928134,7.420599584446424e-05
capitol	0,1,8.62738331464067e-05,0.00014841199168892847
car	0,5,8.62738331464067e-05,0.0004452359750667854
carefully	0,3,8.62738331464067e-05,0.00029682398337785694
cares	0,1,8.62738331464067e-05,0.00014841199168892847
carlo	0,1,8.62738331464067e-05,0.00014841199168892847
carmody	0,1,8.62738331464067e-05,0.00014841199168892847
carol	0,1,8.62738331464067e-05,0.00014841199168892847
carolyn	0,1,8.62738331464067e-05,0.00014841199168892847
carrera	1,0,0.0001725476662928134,7.420599584446424e-05
carried	0,1,8.62738331464067e-05,0.00014841199168892847
carroll	6,0,0.0006039168320248468,7.420599584446424e-05
case	6,1,0.0006039168320248468,0.00014841199168892847
cash	6,5,0.0006039168320248468,0.0004452359750667854
category	0,1,8.62738331464067e-05,0.00014841199168892847
caucasians	0,1,8.62738331464067e-05,0.00014841199168892847
cause	0,1,8.62738331464067e-05,0.00014841199168892847
cd	0,1,8.62738331464067e-05,0.00014841199168892847
ceased	0,1,8.62738331464067e-05,0.00014841199168892847
cele	0,1,8.62738331464067e-05,0.00014841199168892847
celias	1,0,0.0001725476662928134,7.420599584446424e-05
cenochs	1,0,0.0001725476662928134,7.420599584446424e-05
central	2,0,0.0002588214994392201,7.420599584446424e-05
cents	2,4,0.0002588214994392201,0.00037102997922232116
century	1,0,0.0001725476662928134,7.420599584446424e-05
certain	1,0,0.0001725476662928134,7.420599584446424e-05
certificates	0,1,8.62738331464067e-05,0.00014841199168892847
cgi	0,3,8.62738331464067e-05,0.00029682398337785694
chaeap	0,1,8.62738331464067e-05,0.00014841199168892847
chairman	2,0,0.0002588214994392201,7.420599584446424e-05
challenge	1,0,0.0001725476662928134,7.420599584446424e-05
champion	0,1,8.62738331464067e-05,0.00014841199168892847
chance	3,3,0.0003450953325856268,0.00029682398337785694
chancesto	0,1,8.62738331464067e-05,0.00014841199168892847
charges	0,1,8.62738331464067e-05,0.00014841199168892847
checks	0,1,8.62738331464067e-05,0.00014841199168892847
cheers	0,1,8.62738331464067e-05,0.00014841199168892847
chief	3,0,0.0003450953325856268,7.420599584446424e-05
children	0,2,8.62738331464067e-05,0.0002226179875333927
chile	0,2,8.62738331464067e-05,0.0002226179875333927
chinamen	0,1,8.62738331464067e-05,0.00014841199168892847
choice	0,1,8.62738331464067e-05,0.00014841199168892847
chokshi	1,0,0.0001725476662928134,7.420599584446424e-05
chosen	1,2,0.0001725476662928134,0.0002226179875333927
chromium	0,1,8.62738331464067e-05,0.00014841199168892847
chuck	1,0,0.0001725476662928134,7.420599584446424e-05
chumming	0,1,8.62738331464067e-05,0.00014841199168892847
chums	0,1,8.62738331464067e-05,0.00014841199168892847
cindy	5,0,0.0005176429988784402,7.420599584446424e-05
cj	0,5,8.62738331464067e-05,0.0004452359750667854
clarity	1,0,0.0001725476662928134,7.420599584446424e-05
classifieds	0,1,8.62738331464067e-05,0.00014841199168892847
classrom	1,0,0.0001725476662928134,7.420599584446424e-05
claude	0,1,8.62738331464067e-05,0.00014841199168892847
clemmons	1,0,0.0001725476662928134,7.420599584446424e-05
clients	1,0,0.0001725476662928134,7.420599584446424e-05
cliickk	0,2,8.62738331464067e-05,0.0002226179875333927
clinches	0,1,8.62738331464067e-05,0.00014841199168892847
clonazepam	0,1,8.62738331464067e-05,0.00014841199168892847
closed	1,0,0.0001725476662928134,7.420599584446424e-05
closely	4,0,0.0004313691657320335,7.420599584446424e-05
coal	0,2,8.62738331464067e-05,0.0002226179875333927
coding	2,0,0.0002588214994392201,7.420599584446424e-05
coffee	3,2,0.0003450953325856268,0.0002226179875333927
cold	0,2,8.62738331464067e-05,0.0002226179875333927
colors	0,1,8.62738331464067e-05,0.00014841199168892847
com	74,108,0.0064705374859805025,0.008088453547046601
comes	3,2,0.0003450953325856268,0.0002226179875333927
coming	3,1,0.0003450953325856268,0.00014841199168892847
commentary	0,8,8.62738331464067e-05,0.0006678539626001781
commissions	0,2,8.62738331464067e-05,0.0002226179875333927
common	1,1,0.0001725476662928134,0.00014841199168892847
communicating	2,0,0.0002588214994392201,7.420599584446424e-05
community	1,10,0.0001725476662928134,0.0008162659542891065
compelling	0,1,8.62738331464067e-05,0.00014841199168892847
competencies	2,0,0.0002588214994392201,7.420599584446424e-05
competition	0,2,8.62738331464067e-05,0.0002226179875333927
compliance	1,0,0.0001725476662928134,7.420599584446424e-05
compliments	0,1,8.62738331464067e-05,0.00014841199168892847
computational	0,1,8.62738331464067e-05,0.00014841199168892847
comwww	0,11,8.62738331464067e-05,0.0008904719501335708
concept	1,0,0.0001725476662928134,7.420599584446424e-05
concernig	2,0,0.0002588214994392201,7.420599584446424e-05
concerns	3,0,0.0003450953325856268,7.420599584446424e-05
condition	0,2,8.62738331464067e-05,0.0002226179875333927
conference	3,3,0.0003450953325856268,0.00029682398337785694
confidential	0,3,8.62738331464067e-05,0.00029682398337785694
conflict	1,0,0.0001725476662928134,7.420599584446424e-05
congrats	1,0,0.0001725476662928134,7.420599584446424e-05
congratulatory	0,1,8.62738331464067e-05,0.00014841199168892847
conn	1,0,0.0001725476662928134,7.420599584446424e-05
connection	0,3,8.62738331464067e-05,0.00029682398337785694
consistently	2,0,0.0002588214994392201,7.420599584446424e-05
constructive	1,0,0.0001725476662928134,7.420599584446424e-05
consultation	0,1,8.62738331464067e-05,0.00014841199168892847
consumers	1,0,0.0001725476662928134,7.420599584446424e-05
contact	15,9,0.0013803813303425072,0.0007420599584446423
containing	0,2,8.62738331464067e-05,0.0002226179875333927
contemplation	1,0,0.0001725476662928134,7.420599584446424e-05
content	1,12,0.0001725476662928134,0.000964677945978035
continents	1,0,0.0001725476662928134,7.420599584446424e-05
contract	6,3,0.0006039168320248468,0.00029682398337785694
contracted	2,0,0.0002588214994392201,7.420599584446424e-05
contratulations	1,0,0.0001725476662928134,7.420599584446424e-05
contribution	0,1,8.62738331464067e-05,0.00014841199168892847
control	4,3,0.0004313691657320335,0.00029682398337785694
controlled	0,2,8.62738331464067e-05,0.0002226179875333927
convenience	1,0,0.0001725476662928134,7.420599584446424e-05
convince	0,1,8.62738331464067e-05,0.00014841199168892847
cop	1,0,0.0001725476662928134,7.420599584446424e-05
copper	0,7,8.62738331464067e-05,0.0005936479667557139
copyright	0,3,8.62738331464067e-05,0.00029682398337785694
coral	3,1,0.0003450953325856268,0.00014841199168892847
cordes	1,0,0.0001725476662928134,7.420599584446424e-05
corp	28,2,0.002501941161245794,0.0002226179875333927
correspondence	1,0,0.0001725476662928134,7.420599584446424e-05
costs	1,1,0.0001725476662928134,0.00014841199168892847
could	2,10,0.0002588214994392201,0.0008162659542891065
counted	0,1,8.62738331464067e-05,0.00014841199168892847
countries	0,1,8.62738331464067e-05,0.00014841199168892847
courses	1,0,0.0001725476662928134,7.420599584446424e-05
coverage	1,2,0.0001725476662928134,0.0002226179875333927
cp	1,0,0.0001725476662928134,7.420599584446424e-05
cpuc	2,0,0.0002588214994392201,7.420599584446424e-05
crazy	0,1,8.62738331464067e-05,0.00014841199168892847
create	4,8,0.0004313691657320335,0.0006678539626001781
creation	2,0,0.0002588214994392201,7.420599584446424e-05
crenshaw	13,0,0.0012078336640496937,7.420599584446424e-05
critically	2,0,0.0002588214994392201,7.420599584446424e-05
crowdbut	0,1,8.62738331464067e-05,0.00014841199168892847
cs	1,1,0.0001725476662928134,0.00014841199168892847
csikos	1,0,0.0001725476662928134,7.420599584446424e-05
currently	11,4,0.0010352859977568803,0.00037102997922232116
curriculum	5,0,0.0005176429988784402,7.420599584446424e-05
custom	0,1,8.62738331464067e-05,0.00014841199168892847
customers	0,2,8.62738331464067e-05,0.0002226179875333927
czkkrxht	0,1,8.62738331464067e-05,0.00014841199168892847
d	18,11,0.0016392028297817272,0.0008904719501335708
dale	0,1,8.62738331464067e-05,0.00014841199168892847
damage	0,1,8.62738331464067e-05,0.00014841199168892847
dancing	0,1,8.62738331464067e-05,0.00014841199168892847
daniels	0,1,8.62738331464067e-05,0.00014841199168892847
danny	1,0,0.0001725476662928134,7.420599584446424e-05
datacenter	0,1,8.62738331464067e-05,0.00014841199168892847
dates	2,1,0.0002588214994392201,0.00014841199168892847
davenport	1,0,0.0001725476662928134,7.420599584446424e-05
david	19,0,0.001725476662928134,7.420599584446424e-05
davis	9,0,0.000862738331464067,7.420599584446424e-05
days	2,5,0.0002588214994392201,0.0004452359750667854
daysor	0,1,8.62738331464067e-05,0.00014841199168892847
dc	1,0,0.0001725476662928134,7.420599584446424e-05
dci	1,0,0.0001725476662928134,7.420599584446424e-05
dclemons	0,1,8.62738331464067e-05,0.00014841199168892847
dea	0,1,8.62738331464067e-05,0.00014841199168892847
deadlines	0,1,8.62738331464067e-05,0.00014841199168892847
deal	11,3,0.0010352859977568803,0.00029682398337785694
dear	1,0,0.0001725476662928134,7.420599584446424e-05
debt	5,5,0.0005176429988784402,0.0004452359750667854
december	2,16,0.0002588214994392201,0.0012615019293558919
decided	0,2,8.62738331464067e-05,0.0002226179875333927
decides	0,1,8.62738331464067e-05,0.00014841199168892847
decreases	1,0,0.0001725476662928134,7.420599584446424e-05
deliv	2,0,0.0002588214994392201,7.420599584446424e-05
delivery	6,2,0.0006039168320248468,0.0002226179875333927
delusive	0,1,8.62738331464067e-05,0.00014841199168892847
democratic	1,0,0.0001725476662928134,7.420599584446424e-05
deposit	0,1,8.62738331464067e-05,0.00014841199168892847
deposited	0,2,8.62738331464067e-05,0.0002226179875333927
depression	0,1,8.62738331464067e-05,0.00014841199168892847
design	1,8,0.0001725476662928134,0.0006678539626001781
designed	1,2,0.0001725476662928134,0.0002226179875333927
designl	0,1,8.62738331464067e-05,0.00014841199168892847
desks	2,0,0.0002588214994392201,7.420599584446424e-05
desmeules	1,0,0.0001725476662928134,7.420599584446424e-05
destination	0,2,8.62738331464067e-05,0.0002226179875333927
destroy	1,0,0.0001725476662928134,7.420599584446424e-05
details	0,3,8.62738331464067e-05,0.00029682398337785694
developed	1,0,0.0001725476662928134,7.420599584446424e-05
developing	2,0,0.0002588214994392201,7.420599584446424e-05
dextails	0,1,8.62738331464067e-05,0.00014841199168892847
dfur	0,1,8.62738331464067e-05,0.00014841199168892847
dhar	4,0,0.0004313691657320335,7.420599584446424e-05
dhyngem	0,1,8.62738331464067e-05,0.00014841199168892847
diamonds	0,1,8.62738331464067e-05,0.00014841199168892847
diaz	0,1,8.62738331464067e-05,0.00014841199168892847
dictionary	0,1,8.62738331464067e-05,0.00014841199168892847
didn	1,3,0.0001725476662928134,0.00029682398337785694
didrex	0,1,8.62738331464067e-05,0.00014841199168892847
difficulty	1,0,0.0001725476662928134,7.420599584446424e-05
dignity	0,1,8.62738331464067e-05,0.00014841199168892847
diminished	0,1,8.62738331464067e-05,0.00014841199168892847
dinner	2,0,0.0002588214994392201,7.420599584446424e-05
direction	3,0,0.0003450953325856268,7.420599584446424e-05
disable	0,1,8.62738331464067e-05,0.00014841199168892847
disappearance	0,1,8.62738331464067e-05,0.00014841199168892847
discarded	0,1,8.62738331464067e-05,0.00014841199168892847
discontinue	0,2,8.62738331464067e-05,0.0002226179875333927
discuss	4,0,0.0004313691657320335,7.420599584446424e-05
discussed	2,0,0.0002588214994392201,7.420599584446424e-05
dish	0,3,8.62738331464067e-05,0.00029682398337785694
dishes	0,1,8.62738331464067e-05,0.00014841199168892847
disordersshrink	0,1,8.62738331464067e-05,0.00014841199168892847
dissemination	1,0,0.0001725476662928134,7.420599584446424e-05
distracted	0,1,8.62738331464067e-05,0.00014841199168892847
distribution	3,0,0.0003450953325856268,7.420599584446424e-05
dkohler	1,0,0.0001725476662928134,7.420599584446424e-05
do	9,24,0.000862738331464067,0.0018551498961116059
dobmeos	0,1,8.62738331464067e-05,0.00014841199168892847
doc	1,0,0.0001725476662928134,7.420599584446424e-05
doctors	0,2,8.62738331464067e-05,0.0002226179875333927
does	3,7,0.0003450953325856268,0.0005936479667557139
doing	0,5,8.62738331464067e-05,0.0004452359750667854
dol	0,1,8.62738331464067e-05,0.00014841199168892847
domestic	0,1,8.62738331464067e-05,0.00014841199168892847
door	2,3,0.0002588214994392201,0.00029682398337785694
download	0,1,8.62738331464067e-05,0.00014841199168892847
draft	0,1,8.62738331464067e-05,0.00014841199168892847
drafting	1,0,0.0001725476662928134,7.420599584446424e-05
draw	0,3,8.62738331464067e-05,0.00029682398337785694
drawing	2,1,0.0002588214994392201,0.00014841199168892847
drive	0,2,8.62738331464067e-05,0.0002226179875333927
dubuque	0,3,8.62738331464067e-05,0.00029682398337785694
duns	2,0,0.0002588214994392201,7.420599584446424e-05
duplicate	0,1,8.62738331464067e-05,0.00014841199168892847
during	7,1,0.0006901906651712536,0.00014841199168892847
dycmpf	0,1,8.62738331464067e-05,0.00014841199168892847
dynamics	1,1,0.0001725476662928134,0.00014841199168892847
early	6,2,0.0006039168320248468,0.0002226179875333927
earth	1,0,0.0001725476662928134,7.420599584446424e-05
eastern	1,0,0.0001725476662928134,7.420599584446424e-05
eb	16,0,0.001466655163488914,7.420599584446424e-05
ebl	1,0,0.0001725476662928134,7.420599584446424e-05
ebooks	0,1,8.62738331464067e-05,0.00014841199168892847
ecarmst	0,1,8.62738331464067e-05,0.00014841199168892847
eclassifiedshq	0,1,8.62738331464067e-05,0.00014841199168892847
ecomog	0,2,8.62738331464067e-05,0.0002226179875333927
economically	0,1,8.62738331464067e-05,0.00014841199168892847
ect	378,0,0.03269778276248814,7.420599584446424e-05
edition	0,5,8.62738331464067e-05,0.0004452359750667854
ee	1,1,0.0001725476662928134,0.00014841199168892847
effectively	2,2,0.0002588214994392201,0.0002226179875333927
effects	0,1,8.62738331464067e-05,0.00014841199168892847
efficiency	2,0,0.0002588214994392201,7.420599584446424e-05
effort	6,0,0.0006039168320248468,7.420599584446424e-05
eh	1,0,0.0001725476662928134,7.420599584446424e-05
ehronline	1,0,0.0001725476662928134,7.420599584446424e-05
eight	0,1,8.62738331464067e-05,0.00014841199168892847
eliminate	0,3,8.62738331464067e-05,0.00029682398337785694
ellendale	0,2,8.62738331464067e-05,0.0002226179875333927
emai	0,1,8.62738331464067e-05,0.00014841199168892847
email	5,30,0.0005176429988784402,0.0023003858711783914
emailing	0,1,8.62738331464067e-05,0.00014841199168892847
embargo	1,0,0.0001725476662928134,7.420599584446424e-05
emigrants	0,1,8.62738331464067e-05,0.00014841199168892847
emotion	0,1,8.62738331464067e-05,0.00014841199168892847
employees	7,0,0.0006901906651712536,7.420599584446424e-05
employer	0,1,8.62738331464067e-05,0.00014841199168892847
en	0,2,8.62738331464067e-05,0.0002226179875333927
encyclopedia	0,1,8.62738331464067e-05,0.00014841199168892847
endorsements	0,1,8.62738331464067e-05,0.00014841199168892847
engineergeodetic	0,1,8.62738331464067e-05,0.00014841199168892847
enough	0,4,8.62738331464067e-05,0.00037102997922232116
ensure	0,2,8.62738331464067e-05,0.0002226179875333927
entergy	6,0,0.0006039168320248468,7.420599584446424e-05
entergyr	1,0,0.0001725476662928134,7.420599584446424e-05
entertaining	1,0,0.0001725476662928134,7.420599584446424e-05
entry	1,0,0.0001725476662928134,7.420599584446424e-05
eops	1,0,0.0001725476662928134,7.420599584446424e-05
epcm	0,2,8.62738331464067e-05,0.0002226179875333927
epmi	2,0,0.0002588214994392201,7.420599584446424e-05
epsc	1,0,0.0001725476662928134,7.420599584446424e-05
equity	3,0,0.0003450953325856268,7.420599584446424e-05
ere	0,1,8.62738331464067e-05,0.00014841199168892847
esa	1,0,0.0001725476662928134,7.420599584446424e-05
escape	0,2,8.62738331464067e-05,0.0002226179875333927
etc	4,5,0.0004313691657320335,0.0004452359750667854
evaluating	0,1,8.62738331464067e-05,0.00014841199168892847
evelon	0,1,8.62738331464067e-05,0.00014841199168892847
even	1,9,0.0001725476662928134,0.0007420599584446423
evening	0,2,8.62738331464067e-05,0.0002226179875333927
events	0,2,8.62738331464067e-05,0.0002226179875333927
everyone	10,6,0.0009490121646104736,0.0005194419709112497
everything	4,3,0.0004313691657320335,0.00029682398337785694
evolution	1,0,0.0001725476662928134,7.420599584446424e-05
examing	0,1,8.62738331464067e-05,0.00014841199168892847
example	2,4,0.0002588214994392201,0.00037102997922232116
excellent	0,2,8.62738331464067e-05,0.0002226179875333927
except	1,0,0.0001725476662928134,7.420599584446424e-05
exchange	1,12,0.0001725476662928134,0.000964677945978035
excited	2,1,0.0002588214994392201,0.00014841199168892847
exciting	1,0,0.0001725476662928134,7.420599584446424e-05
executives	1,0,0.0001725476662928134,7.420599584446424e-05
expanded	1,0,0.0001725476662928134,7.420599584446424e-05
expanding	0,1,8.62738331464067e-05,0.00014841199168892847
expect	3,6,0.0003450953325856268,0.0005194419709112497
expected	2,0,0.0002588214994392201,7.420599584446424e-05
expecting	1,0,0.0001725476662928134,7.420599584446424e-05
expenditures	1,0,0.0001725476662928134,7.420599584446424e-05
expertise	7,0,0.0006901906651712536,7.420599584446424e-05
explaing	2,0,0.0002588214994392201,7.420599584446424e-05
express	1,2,0.0001725476662928134,0.0002226179875333927
expressed	1,0,0.0001725476662928134,7.420599584446424e-05
ext	2,0,0.0002588214994392201,7.420599584446424e-05
extent	1,0,0.0001725476662928134,7.420599584446424e-05
externally	0,2,8.62738331464067e-05,0.0002226179875333927
faces	0,1,8.62738331464067e-05,0.00014841199168892847
facilitators	1,0,0.0001725476662928134,7.420599584446424e-05
facility	1,0,0.0001725476662928134,7.420599584446424e-05
fair	1,1,0.0001725476662928134,0.00014841199168892847
fall	0,2,8.62738331464067e-05,0.0002226179875333927
fame	0,3,8.62738331464067e-05,0.00029682398337785694
far	2,3,0.0002588214994392201,0.00029682398337785694
farmer	5,0,0.0005176429988784402,7.420599584446424e-05
fast	0,3,8.62738331464067e-05,0.00029682398337785694
fax	3,5,0.0003450953325856268,0.0004452359750667854
feb	3,0,0.0003450953325856268,7.420599584446424e-05
fee	2,2,0.0002588214994392201,0.0002226179875333927
feel	9,7,0.000862738331464067,0.0005936479667557139
feeling	2,1,0.0002588214994392201,0.00014841199168892847
fellow	0,1,8.62738331464067e-05,0.00014841199168892847
felt	2,0,0.0002588214994392201,7.420599584446424e-05
few	8,2,0.0007764644983176603,0.0002226179875333927
fields	1,0,0.0001725476662928134,7.420599584446424e-05
fifth	0,1,8.62738331464067e-05,0.00014841199168892847
figured	1,0,0.0001725476662928134,7.420599584446424e-05
filter	0,1,8.62738331464067e-05,0.00014841199168892847
finalization	2,0,0.0002588214994392201,7.420599584446424e-05
finalize	1,0,0.0001725476662928134,7.420599584446424e-05
finally	3,0,0.0003450953325856268,7.420599584446424e-05
finance	4,0,0.0004313691657320335,7.420599584446424e-05
financials	1,0,0.0001725476662928134,7.420599584446424e-05
fine	2,0,0.0002588214994392201,7.420599584446424e-05
fioricet	0,1,8.62738331464067e-05,0.00014841199168892847
fireworks	0,1,8.62738331464067e-05,0.00014841199168892847
firm	2,2,0.0002588214994392201,0.0002226179875333927
flash	0,2,8.62738331464067e-05,0.0002226179875333927
flip	1,0,0.0001725476662928134,7.420599584446424e-05
flood	0,2,8.62738331464067e-05,0.0002226179875333927
fluid	0,1,8.62738331464067e-05,0.00014841199168892847
flyers	0,1,8.62738331464067e-05,0.00014841199168892847
focus	1,3,0.0001725476662928134,0.00029682398337785694
focusing	2,1,0.0002588214994392201,0.00014841199168892847
font	0,3,8.62738331464067e-05,0.00029682398337785694
footmen	0,1,8.62738331464067e-05,0.00014841199168892847
forbearance	4,0,0.0004313691657320335,7.420599584446424e-05
ford	1,0,0.0001725476662928134,7.420599584446424e-05
forecasts	0,2,8.62738331464067e-05,0.0002226179875333927
form	0,7,8.62738331464067e-05,0.0005936479667557139
format	0,3,8.62738331464067e-05,0.00029682398337785694
formulated	0,1,8.62738331464067e-05,0.00014841199168892847
forp	0,1,8.62738331464067e-05,0.00014841199168892847
forum	1,0,0.0001725476662928134,7.420599584446424e-05
forward	12,1,0.001121559830903287,0.00014841199168892847
forwarded	27,0,0.0024156673280993873,7.420599584446424e-05
forwarding	1,0,0.0001725476662928134,7.420599584446424e-05
fp	0,1,8.62738331464067e-05,0.00014841199168892847
frame	0,1,8.62738331464067e-05,0.00014841199168892847
francisco	1,0,0.0001725476662928134,7.420599584446424e-05
free	5,65,0.0005176429988784402,0.004897595725734639
freehand	0,1,8.62738331464067e-05,0.00014841199168892847
freelinksnetwork	0,3,8.62738331464067e-05,0.00029682398337785694
freeonline	0,1,8.62738331464067e-05,0.00014841199168892847
freese	1,0,0.0001725476662928134,7.420599584446424e-05
frevert	1,0,0.0001725476662928134,7.420599584446424e-05
frightrob	0,1,8.62738331464067e-05,0.00014841199168892847
from	51,58,0.004486239323613148,0.00437815375482339
front	3,0,0.0003450953325856268,7.420599584446424e-05
frusco	2,0,0.0002588214994392201,7.420599584446424e-05
fully	0,3,8.62738331464067e-05,0.00029682398337785694
functionality	4,0,0.0004313691657320335,7.420599584446424e-05
functions	4,0,0.0004313691657320335,7.420599584446424e-05
fuohqjlsjcqp	0,1,8.62738331464067e-05,0.00014841199168892847
future	4,7,0.0004313691657320335,0.0005936479667557139
fyi	6,0,0.0006039168320248468,7.420599584446424e-05
fyl	2,0,0.0002588214994392201,7.420599584446424e-05
g	23,6,0.0020705719955137606,0.0005194419709112497
gaining	1,0,0.0001725476662928134,7.420599584446424e-05
generalities	0,1,8.62738331464067e-05,0.00014841199168892847
generalizing	0,1,8.62738331464067e-05,0.00014841199168892847
generating	2,0,0.0002588214994392201,7.420599584446424e-05
generic	0,2,8.62738331464067e-05,0.0002226179875333927
gerry	2,0,0.0002588214994392201,7.420599584446424e-05
ges	0,1,8.62738331464067e-05,0.00014841199168892847
getterscan	0,1,8.62738331464067e-05,0.00014841199168892847
getting	0,6,8.62738331464067e-05,0.0005194419709112497
ghana	0,2,8.62738331464067e-05,0.0002226179875333927
gibner	8,0,0.0007764644983176603,7.420599584446424e-05
gifts	2,0,0.0002588214994392201,7.420599584446424e-05
gigabyte	0,1,8.62738331464067e-05,0.00014841199168892847
gilbert	1,0,0.0001725476662928134,7.420599584446424e-05
ginsu	0,1,8.62738331464067e-05,0.00014841199168892847
girl	0,4,8.62738331464067e-05,0.00037102997922232116
gist	2,0,0.0002588214994392201,7.420599584446424e-05
give	5,10,0.0005176429988784402,0.0008162659542891065
glencore	2,0,0.0002588214994392201,7.420599584446424e-05
glenda	0,1,8.62738331464067e-05,0.00014841199168892847
global	34,1,0.0030195841601242343,0.00014841199168892847
glover	1,0,0.0001725476662928134,7.420599584446424e-05
go	4,6,0.0004313691657320335,0.0005194419709112497
goes	0,1,8.62738331464067e-05,0.00014841199168892847
going	12,11,0.001121559830903287,0.0008904719501335708
gonzalez	1,0,0.0001725476662928134,7.420599584446424e-05
goodbye	0,1,8.62738331464067e-05,0.00014841199168892847
government	3,2,0.0003450953325856268,0.0002226179875333927
gpt	0,1,8.62738331464067e-05,0.00014841199168892847
gracie	2,0,0.0002588214994392201,7.420599584446424e-05
grandma	0,1,8.62738331464067e-05,0.00014841199168892847
greatly	1,0,0.0001725476662928134,7.420599584446424e-05
greedily	0,1,8.62738331464067e-05,0.00014841199168892847
greeted	1,0,0.0001725476662928134,7.420599584446424e-05
greg	3,0,0.0003450953325856268,7.420599584446424e-05
ground	0,1,8.62738331464067e-05,0.00014841199168892847
growth	0,2,8.62738331464067e-05,0.0002226179875333927
guns	0,1,8.62738331464067e-05,0.00014841199168892847
guru	0,1,8.62738331464067e-05,0.00014841199168892847
gwen	1,0,0.0001725476662928134,7.420599584446424e-05
gxol	0,1,8.62738331464067e-05,0.00014841199168892847
gxxu	0,1,8.62738331464067e-05,0.00014841199168892847
had	10,9,0.0009490121646104736,0.0007420599584446423
hands	0,2,8.62738331464067e-05,0.0002226179875333927
happens	1,0,0.0001725476662928134,7.420599584446424e-05
hard	4,6,0.0004313691657320335,0.0005194419709112497
harriman	0,1,8.62738331464067e-05,0.00014841199168892847
harris	2,0,0.0002588214994392201,7.420599584446424e-05
harry	1,0,0.0001725476662928134,7.420599584446424e-05
harvey	2,0,0.0002588214994392201,7.420599584446424e-05
has	25,24,0.002243119661806574,0.0018551498961116059
hassle	0,2,8.62738331464067e-05,0.0002226179875333927
hate	0,4,8.62738331464067e-05,0.00037102997922232116
having	4,1,0.0004313691657320335,0.00014841199168892847
he	7,30,0.0006901906651712536,0.0023003858711783914
headline	0,2,8.62738331464067e-05,0.0002226179875333927
heart	0,1,8.62738331464067e-05,0.00014841199168892847
heating	2,0,0.0002588214994392201,7.420599584446424e-05
hello	3,3,0.0003450953325856268,0.00029682398337785694
hemisphere	2,0,0.0002588214994392201,7.420599584446424e-05
hendricks	0,2,8.62738331464067e-05,0.0002226179875333927
her	7,2,0.0006901906651712536,0.0002226179875333927
herbalonline	0,1,8.62738331464067e-05,0.00014841199168892847
herbs	1,0,0.0001725476662928134,7.420599584446424e-05
herem	0,1,8.62738331464067e-05,0.00014841199168892847
herewe	0,1,8.62738331464067e-05,0.00014841199168892847
hidd	0,1,8.62738331464067e-05,0.00014841199168892847
higher	2,2,0.0002588214994392201,0.0002226179875333927
highlands	0,2,8.62738331464067e-05,0.0002226179875333927
highlight	2,1,0.0002588214994392201,0.00014841199168892847
hikes	4,0,0.0004313691657320335,7.420599584446424e-05
himhe	0,1,8.62738331464067e-05,0.00014841199168892847
hindering	0,1,8.62738331464067e-05,0.00014841199168892847
hinsch	2,0,0.0002588214994392201,7.420599584446424e-05
hire	2,0,0.0002588214994392201,7.420599584446424e-05
hit	0,1,8.62738331464067e-05,0.00014841199168892847
hoferc	1,0,0.0001725476662928134,7.420599584446424e-05
hook	1,1,0.0001725476662928134,0.00014841199168892847
horizons	0,1,8.62738331464067e-05,0.00014841199168892847
hormone	0,2,8.62738331464067e-05,0.0002226179875333927
horn	0,1,8.62738331464067e-05,0.00014841199168892847
hornbuckle	1,0,0.0001725476662928134,7.420599584446424e-05
hot	0,2,8.62738331464067e-05,0.0002226179875333927
hourhelp	0,1,8.62738331464067e-05,0.00014841199168892847
houston	10,0,0.0009490121646104736,7.420599584446424e-05
how	7,24,0.0006901906651712536,0.0018551498961116059
howl	0,1,8.62738331464067e-05,0.00014841199168892847
hrgovcic	5,0,0.0005176429988784402,7.420599584446424e-05
hrice	2,0,0.0002588214994392201,7.420599584446424e-05
ht	0,4,8.62738331464067e-05,0.00037102997922232116
http	3,42,0.0003450953325856268,0.003190857821311962
humble	0,1,8.62738331464067e-05,0.00014841199168892847
hunger	0,1,8.62738331464067e-05,0.00014841199168892847
hurtling	0,1,8.62738331464067e-05,0.00014841199168892847
hydro	2,0,0.0002588214994392201,7.420599584446424e-05
hzriubp	0,1,8.62738331464067e-05,0.00014841199168892847
ica	0,1,8.62738331464067e-05,0.00014841199168892847
icet	0,1,8.62738331464067e-05,0.00014841199168892847
id	10,3,0.0009490121646104736,0.00029682398337785694
idea	1,3,0.0001725476662928134,0.00029682398337785694
identified	0,1,8.62738331464067e-05,0.00014841199168892847
identifies	0,1,8.62738331464067e-05,0.00014841199168892847
ien	0,1,8.62738331464067e-05,0.00014841199168892847
ilydiatt	1,0,0.0001725476662928134,7.420599584446424e-05
imagine	0,1,8.62738331464067e-05,0.00014841199168892847
immediate	0,2,8.62738331464067e-05,0.0002226179875333927
implementation	9,0,0.000862738331464067,7.420599584446424e-05
importantly	1,0,0.0001725476662928134,7.420599584446424e-05
inbox	0,1,8.62738331464067e-05,0.00014841199168892847
incomeunlimited	0,1,8.62738331464067e-05,0.00014841199168892847
incorrectly	1,0,0.0001725476662928134,7.420599584446424e-05
increasingly	1,0,0.0001725476662928134,7.420599584446424e-05
india	1,0,0.0001725476662928134,7.420599584446424e-05
individuals	4,0,0.0004313691657320335,7.420599584446424e-05
industry	1,5,0.0001725476662928134,0.0004452359750667854
inferior	0,1,8.62738331464067e-05,0.00014841199168892847
infrastructure	0,1,8.62738331464067e-05,0.00014841199168892847
initializes	0,1,8.62738331464067e-05,0.00014841199168892847
initiative	2,0,0.0002588214994392201,7.420599584446424e-05
inject	0,1,8.62738331464067e-05,0.00014841199168892847
innovation	4,0,0.0004313691657320335,7.420599584446424e-05
inseminate	0,1,8.62738331464067e-05,0.00014841199168892847
insomnia	0,1,8.62738331464067e-05,0.00014841199168892847
inspection	0,1,8.62738331464067e-05,0.00014841199168892847
instruct	0,1,8.62738331464067e-05,0.00014841199168892847
instructed	0,2,8.62738331464067e-05,0.0002226179875333927
instructions	0,2,8.62738331464067e-05,0.0002226179875333927
instruments	0,1,8.62738331464067e-05,0.00014841199168892847
integrated	1,1,0.0001725476662928134,0.00014841199168892847
intelligence	0,1,8.62738331464067e-05,0.00014841199168892847
intends	1,0,0.0001725476662928134,7.420599584446424e-05
internally	2,0,0.0002588214994392201,7.420599584446424e-05
interne	0,1,8.62738331464067e-05,0.00014841199168892847
intl	2,0,0.0002588214994392201,7.420599584446424e-05
into	10,21,0.0009490121646104736,0.001632531908578213
invite	1,1,0.0001725476662928134,0.00014841199168892847
involved	2,4,0.0002588214994392201,0.00037102997922232116
involving	2,0,0.0002588214994392201,7.420599584446424e-05
invovled	2,0,0.0002588214994392201,7.420599584446424e-05
is	86,86,0.007505823483737383,0.006455921638468388
iso	0,8,8.62738331464067e-05,0.0006678539626001781
issler	5,0,0.0005176429988784402,7.420599584446424e-05
issue	4,13,0.0004313691657320335,0.0010388839418224993
ium	0,1,8.62738331464067e-05,0.00014841199168892847
ivan	0,1,8.62738331464067e-05,0.00014841199168892847
j	21,1,0.0018980243292209473,0.00014841199168892847
jan	4,0,0.0004313691657320335,7.420599584446424e-05
jersey	1,0,0.0001725476662928134,7.420599584446424e-05
jimmy	0,2,8.62738331464067e-05,0.0002226179875333927
jirapliegao	0,1,8.62738331464067e-05,0.00014841199168892847
jnexon	1,0,0.0001725476662928134,7.420599584446424e-05
jo	0,1,8.62738331464067e-05,0.00014841199168892847
johnston	2,0,0.0002588214994392201,7.420599584446424e-05
jonathon	0,1,8.62738331464067e-05,0.00014841199168892847
jonesg	1,0,0.0001725476662928134,7.420599584446424e-05
jose	1,0,0.0001725476662928134,7.420599584446424e-05
joseph	5,2,0.0005176429988784402,0.0002226179875333927
journeys	0,1,8.62738331464067e-05,0.00014841199168892847
joyce	1,0,0.0001725476662928134,7.420599584446424e-05
jubilar	0,1,8.62738331464067e-05,0.00014841199168892847
just	7,28,0.0006901906651712536,0.0021519738794894628
kainantu	0,2,8.62738331464067e-05,0.0002226179875333927
kathryn	3,0,0.0003450953325856268,7.420599584446424e-05
kay	2,0,0.0002588214994392201,7.420599584446424e-05
keep	6,10,0.0006039168320248468,0.0008162659542891065
keeping	0,3,8.62738331464067e-05,0.00029682398337785694
kept	0,2,8.62738331464067e-05,0.0002226179875333927
kevin	47,0,0.004141143991027521,7.420599584446424e-05
khanna	1,0,0.0001725476662928134,7.420599584446424e-05
kick	1,0,0.0001725476662928134,7.420599584446424e-05
kickoff	2,0,0.0002588214994392201,7.420599584446424e-05
killer	0,1,8.62738331464067e-05,0.00014841199168892847
kimberley	0,3,8.62738331464067e-05,0.00029682398337785694
kistler	1,0,0.0001725476662928134,7.420599584446424e-05
kitchen	3,0,0.0003450953325856268,7.420599584446424e-05
knights	1,0,0.0001725476662928134,7.420599584446424e-05
knowlton	1,0,0.0001725476662928134,7.420599584446424e-05
knows	0,2,8.62738331464067e-05,0.0002226179875333927
knudsen	1,0,0.0001725476662928134,7.420599584446424e-05
kollaros	1,0,0.0001725476662928134,7.420599584446424e-05
krgp	2,0,0.0002588214994392201,7.420599584446424e-05
kristin	2,0,0.0002588214994392201,7.420599584446424e-05
laborious	0,1,8.62738331464067e-05,0.00014841199168892847
lacrecia	1,0,0.0001725476662928134,7.420599584446424e-05
lagars	0,1,8.62738331464067e-05,0.00014841199168892847
lagrasta	1,0,0.0001725476662928134,7.420599584446424e-05
lamb	1,0,0.0001725476662928134,7.420599584446424e-05
lamproite	0,2,8.62738331464067e-05,0.0002226179875333927
lamps	0,1,8.62738331464067e-05,0.00014841199168892847
land	0,1,8.62738331464067e-05,0.00014841199168892847
lanterns	0,1,8.62738331464067e-05,0.00014841199168892847
large	0,7,8.62738331464067e-05,0.0005936479667557139
larger	2,0,0.0002588214994392201,7.420599584446424e-05
largest	0,2,8.62738331464067e-05,0.0002226179875333927
last	9,5,0.000862738331464067,0.0004452359750667854
laughed	0,1,8.62738331464067e-05,0.00014841199168892847
lauri	4,0,0.0004313691657320335,7.420599584446424e-05
layout	0,3,8.62738331464067e-05,0.00029682398337785694
lcd	0,1,8.62738331464067e-05,0.00014841199168892847
lead	4,5,0.0004313691657320335,0.0004452359750667854
leaders	1,0,0.0001725476662928134,7.420599584446424e-05
leadership	12,0,0.001121559830903287,7.420599584446424e-05
leap	0,1,8.62738331464067e-05,0.00014841199168892847
leaving	0,1,8.62738331464067e-05,0.00014841199168892847
lee	1,0,0.0001725476662928134,7.420599584446424e-05
leederville	0,1,8.62738331464067e-05,0.00014841199168892847
left	4,0,0.0004313691657320335,7.420599584446424e-05
legal	1,0,0.0001725476662928134,7.420599584446424e-05
legs	0,1,8.62738331464067e-05,0.00014841199168892847
lengthen	0,1,8.62738331464067e-05,0.00014841199168892847
less	6,6,0.0006039168320248468,0.0005194419709112497
let	16,12,0.001466655163488914,0.000964677945978035
liar	0,2,8.62738331464067e-05,0.0002226179875333927
like	14,34,0.0012941074971961003,0.0025972098545562483
lilly	1,0,0.0001725476662928134,7.420599584446424e-05
linda	5,0,0.0005176429988784402,7.420599584446424e-05
lindiwe	0,2,8.62738331464067e-05,0.0002226179875333927
line	5,12,0.0005176429988784402,0.000964677945978035
lingerie	0,1,8.62738331464067e-05,0.00014841199168892847
link	1,5,0.0001725476662928134,0.0004452359750667854
linktocash	0,1,8.62738331464067e-05,0.00014841199168892847
liquids	1,0,0.0001725476662928134,7.420599584446424e-05
listen	1,0,0.0001725476662928134,7.420599584446424e-05
listened	1,0,0.0001725476662928134,7.420599584446424e-05
lists	0,2,8.62738331464067e-05,0.0002226179875333927
living	0,3,8.62738331464067e-05,0.00029682398337785694
local	5,1,0.0005176429988784402,0.00014841199168892847
loczk	0,1,8.62738331464067e-05,0.00014841199168892847
losing	0,2,8.62738331464067e-05,0.0002226179875333927
lower	0,1,8.62738331464067e-05,0.00014841199168892847
lowest	0,1,8.62738331464067e-05,0.00014841199168892847
lsc	0,1,8.62738331464067e-05,0.00014841199168892847
lunch	2,0,0.0002588214994392201,7.420599584446424e-05
lycopodium	0,1,8.62738331464067e-05,0.00014841199168892847
m	10,14,0.0009490121646104736,0.0011130899376669634
mackey	1,0,0.0001725476662928134,7.420599584446424e-05
macquarie	0,2,8.62738331464067e-05,0.0002226179875333927
macromedia	0,6,8.62738331464067e-05,0.0005194419709112497
mailto	0,5,8.62738331464067e-05,0.0004452359750667854
main	0,1,8.62738331464067e-05,0.00014841199168892847
makecashonline	0,1,8.62738331464067e-05,0.00014841199168892847
makes	0,4,8.62738331464067e-05,0.00037102997922232116
making	3,11,0.0003450953325856268,0.0008904719501335708
male	0,3,8.62738331464067e-05,0.00029682398337785694
man	1,3,0.0001725476662928134,0.00029682398337785694
managment	4,0,0.0004313691657320335,7.420599584446424e-05
manganese	0,1,8.62738331464067e-05,0.00014841199168892847
manufacturers	0,1,8.62738331464067e-05,0.00014841199168892847
mark	5,1,0.0005176429988784402,0.00014841199168892847
martina	4,0,0.0004313691657320335,7.420599584446424e-05
martinez	1,0,0.0001725476662928134,7.420599584446424e-05
mass	0,2,8.62738331464067e-05,0.0002226179875333927
massey	1,0,0.0001725476662928134,7.420599584446424e-05
master	0,2,8.62738331464067e-05,0.0002226179875333927
material	0,1,8.62738331464067e-05,0.00014841199168892847
maybe	2,2,0.0002588214994392201,0.0002226179875333927
mc	0,1,8.62738331464067e-05,0.00014841199168892847
mcclankg	1,0,0.0001725476662928134,7.420599584446424e-05
mccullough	1,0,0.0001725476662928134,7.420599584446424e-05
mcf	1,0,0.0001725476662928134,7.420599584446424e-05
mclafferty	1,0,0.0001725476662928134,7.420599584446424e-05
mclarney	1,0,0.0001725476662928134,7.420599584446424e-05
mcsherry	1,0,0.0001725476662928134,7.420599584446424e-05
means	2,3,0.0002588214994392201,0.00029682398337785694
measure	0,1,8.62738331464067e-05,0.00014841199168892847
mechanism	1,0,0.0001725476662928134,7.420599584446424e-05
medications	0,1,8.62738331464067e-05,0.00014841199168892847
meet	4,2,0.0004313691657320335,0.0002226179875333927
meeting	17,0,0.0015529289966353206,7.420599584446424e-05
memo	4,0,0.0004313691657320335,7.420599584446424e-05
merchandisethat	0,1,8.62738331464067e-05,0.00014841199168892847
merchant	2,3,0.0002588214994392201,0.00029682398337785694
merry	2,0,0.0002588214994392201,7.420599584446424e-05
metaphors	0,1,8.62738331464067e-05,0.00014841199168892847
meter	13,0,0.0012078336640496937,7.420599584446424e-05
meyers	1,0,0.0001725476662928134,7.420599584446424e-05
michelago	0,2,8.62738331464067e-05,0.0002226179875333927
michele	1,0,0.0001725476662928134,7.420599584446424e-05
microsoft	0,6,8.62738331464067e-05,0.0005194419709112497
midwestern	1,0,0.0001725476662928134,7.420599584446424e-05
mighty	0,1,8.62738331464067e-05,0.00014841199168892847
migraine	0,1,8.62738331464067e-05,0.00014841199168892847
miguel	1,0,0.0001725476662928134,7.420599584446424e-05
milestone	0,1,8.62738331464067e-05,0.00014841199168892847
millions	0,2,8.62738331464067e-05,0.0002226179875333927
mime	0,1,8.62738331464067e-05,0.00014841199168892847
mind	0,13,8.62738331464067e-05,0.0010388839418224993
minerals	0,4,8.62738331464067e-05,0.00037102997922232116
miningnews	0,9,8.62738331464067e-05,0.0007420599584446423
minute	2,2,0.0002588214994392201,0.0002226179875333927
mircosoft	0,1,8.62738331464067e-05,0.00014841199168892847
mirror	2,0,0.0002588214994392201,7.420599584446424e-05
mitral	0,1,8.62738331464067e-05,0.00014841199168892847
mix	1,0,0.0001725476662928134,7.420599584446424e-05
mmce	1,0,0.0001725476662928134,7.420599584446424e-05
mo	0,1,8.62738331464067e-05,0.00014841199168892847
moates	0,1,8.62738331464067e-05,0.00014841199168892847
moderates	2,0,0.0002588214994392201,7.420599584446424e-05
moderator	0,4,8.62738331464067e-05,0.00037102997922232116
modification	0,1,8.62738331464067e-05,0.00014841199168892847
module	1,0,0.0001725476662928134,7.420599584446424e-05
month	4,8,0.0004313691657320335,0.0006678539626001781
most	4,15,0.0004313691657320335,0.0011872959335114278
motivating	1,0,0.0001725476662928134,7.420599584446424e-05
mouse	0,5,8.62738331464067e-05,0.0004452359750667854
move	3,3,0.0003450953325856268,0.00029682398337785694
mr	0,4,8.62738331464067e-05,0.00037102997922232116
msessa	1,0,0.0001725476662928134,7.420599584446424e-05
mst	0,1,8.62738331464067e-05,0.00014841199168892847
multipart	0,1,8.62738331464067e-05,0.00014841199168892847
muscle	0,2,8.62738331464067e-05,0.0002226179875333927
musically	0,1,8.62738331464067e-05,0.00014841199168892847
must	5,10,0.0005176429988784402,0.0008162659542891065
mx	0,6,8.62738331464067e-05,0.0005194419709112497
myinput	0,4,8.62738331464067e-05,0.00037102997922232116
myinputare	0,1,8.62738331464067e-05,0.00014841199168892847
names	5,0,0.0005176429988784402,7.420599584446424e-05
nation	0,1,8.62738331464067e-05,0.00014841199168892847
nature	0,1,8.62738331464067e-05,0.00014841199168892847
nbi	0,1,8.62738331464067e-05,0.00014841199168892847
neat	0,1,8.62738331464067e-05,0.00014841199168892847
nebulous	1,0,0.0001725476662928134,7.420599584446424e-05
necessary	3,3,0.0003450953325856268,0.00029682398337785694
necessities	0,1,8.62738331464067e-05,0.00014841199168892847
need	35,14,0.003105857993270641,0.0011130899376669634
needed	6,1,0.0006039168320248468,0.00014841199168892847
negotiating	1,0,0.0001725476662928134,7.420599584446424e-05
nero	0,1,8.62738331464067e-05,0.00014841199168892847
netsbestinfo	0,2,8.62738331464067e-05,0.0002226179875333927
network	0,1,8.62738331464067e-05,0.00014841199168892847
neuweiler	2,0,0.0002588214994392201,7.420599584446424e-05
never	1,4,0.0001725476662928134,0.00037102997922232116
newcomers	2,0,0.0002588214994392201,7.420599584446424e-05
news	1,5,0.0001725476662928134,0.0004452359750667854
newsboy	0,2,8.62738331464067e-05,0.0002226179875333927
newsletters	0,3,8.62738331464067e-05,0.00029682398337785694
nextpart	0,1,8.62738331464067e-05,0.00014841199168892847
nice	2,1,0.0002588214994392201,0.00014841199168892847
nickname	0,1,8.62738331464067e-05,0.00014841199168892847
nicolay	1,0,0.0001725476662928134,7.420599584446424e-05
night	3,1,0.0003450953325856268,0.00014841199168892847
nodded	0,1,8.62738331464067e-05,0.00014841199168892847
nomination	4,0,0.0004313691657320335,7.420599584446424e-05
nommensen	1,0,0.0001725476662928134,7.420599584446424e-05
non	1,2,0.0001725476662928134,0.0002226179875333927
noon	1,0,0.0001725476662928134,7.420599584446424e-05
norma	1,0,0.0001725476662928134,7.420599584446424e-05
normal	0,8,8.62738331464067e-05,0.0006678539626001781
normet	0,2,8.62738331464067e-05,0.0002226179875333927
northern	0,3,8.62738331464067e-05,0.00029682398337785694
not	31,56,0.0027607626606850144,0.004229741763134461
noted	1,0,0.0001725476662928134,7.420599584446424e-05
notes	1,0,0.0001725476662928134,7.420599584446424e-05
noticed	0,1,8.62738331464067e-05,0.00014841199168892847
novelties	0,1,8.62738331464067e-05,0.00014841199168892847
november	3,0,0.0003450953325856268,7.420599584446424e-05
now	6,19,0.0006039168320248468,0.0014841199168892847
nowbetterthis	0,1,8.62738331464067e-05,0.00014841199168892847
nt	0,1,8.62738331464067e-05,0.00014841199168892847
number	9,2,0.000862738331464067,0.0002226179875333927
obtain	1,2,0.0001725476662928134,0.0002226179875333927
obtained	0,1,8.62738331464067e-05,0.00014841199168892847
occasion	0,1,8.62738331464067e-05,0.00014841199168892847
occurs	1,0,0.0001725476662928134,7.420599584446424e-05
ocd	0,1,8.62738331464067e-05,0.00014841199168892847
odlx	0,1,8.62738331464067e-05,0.00014841199168892847
official	1,0,0.0001725476662928134,7.420599584446424e-05
old	1,4,0.0001725476662928134,0.00037102997922232116
once	4,3,0.0004313691657320335,0.00029682398337785694
ondarza	1,0,0.0001725476662928134,7.420599584446424e-05
one	6,45,0.0006039168320248468,0.003413475808845355
ontacted	0,1,8.62738331464067e-05,0.00014841199168892847
op	0,3,8.62738331464067e-05,0.00029682398337785694
openpage	0,1,8.62738331464067e-05,0.00014841199168892847
operators	0,3,8.62738331464067e-05,0.00029682398337785694
opposite	0,1,8.62738331464067e-05,0.00014841199168892847
optimistic	1,0,0.0001725476662928134,7.420599584446424e-05
optionscontrol	0,1,8.62738331464067e-05,0.00014841199168892847
orders	0,1,8.62738331464067e-05,0.00014841199168892847
org	2,1,0.0002588214994392201,0.00014841199168892847
orgtrade	0,1,8.62738331464067e-05,0.00014841199168892847
oriental	0,1,8.62738331464067e-05,0.00014841199168892847
original	0,2,8.62738331464067e-05,0.0002226179875333927
originality	0,1,8.62738331464067e-05,0.00014841199168892847
others	3,1,0.0003450953325856268,0.00014841199168892847
ourselves	1,0,0.0001725476662928134,7.420599584446424e-05
outback	0,1,8.62738331464067e-05,0.00014841199168892847
outlined	1,0,0.0001725476662928134,7.420599584446424e-05
outlook	2,1,0.0002588214994392201,0.00014841199168892847
outpacing	1,0,0.0001725476662928134,7.420599584446424e-05
outrageous	0,1,8.62738331464067e-05,0.00014841199168892847
overall	1,1,0.0001725476662928134,0.00014841199168892847
overgaard	1,0,0.0001725476662928134,7.420599584446424e-05
overnight	0,2,8.62738331464067e-05,0.0002226179875333927
overwhelm	0,1,8.62738331464067e-05,0.00014841199168892847
owe	0,1,8.62738331464067e-05,0.00014841199168892847
own	1,12,0.0001725476662928134,0.000964677945978035
owned	2,2,0.0002588214994392201,0.0002226179875333927
owners	0,1,8.62738331464067e-05,0.00014841199168892847
ownership	2,0,0.0002588214994392201,7.420599584446424e-05
oxymoron	1,0,0.0001725476662928134,7.420599584446424e-05
p	7,13,0.0006901906651712536,0.0010388839418224993
pain	0,2,8.62738331464067e-05,0.0002226179875333927
papua	0,1,8.62738331464067e-05,0.00014841199168892847
part	3,1,0.0003450953325856268,0.00014841199168892847
participate	2,1,0.0002588214994392201,0.00014841199168892847
participation	1,0,0.0001725476662928134,7.420599584446424e-05
parties	0,3,8.62738331464067e-05,0.00029682398337785694
pass	0,1,8.62738331464067e-05,0.00014841199168892847
passport	0,1,8.62738331464067e-05,0.00014841199168892847
password	4,1,0.0004313691657320335,0.00014841199168892847
pathetic	0,1,8.62738331464067e-05,0.00014841199168892847
pathos	0,1,8.62738331464067e-05,0.00014841199168892847
payne	2,0,0.0002588214994392201,7.420599584446424e-05
pc	0,4,8.62738331464067e-05,0.00037102997922232116
penance	0,1,8.62738331464067e-05,0.00014841199168892847
percentage	0,2,8.62738331464067e-05,0.0002226179875333927
perfect	1,2,0.0001725476662928134,0.0002226179875333927
perform	0,1,8.62738331464067e-05,0.00014841199168892847
period	5,2,0.0005176429988784402,0.0002226179875333927
persist	1,0,0.0001725476662928134,7.420599584446424e-05
personage	0,1,8.62738331464067e-05,0.00014841199168892847
personal	4,6,0.0004313691657320335,0.0005194419709112497
personality	0,1,8.62738331464067e-05,0.00014841199168892847
personnel	6,0,0.0006039168320248468,7.420599584446424e-05
persons	1,0,0.0001725476662928134,7.420599584446424e-05
perth	0,1,8.62738331464067e-05,0.00014841199168892847
pete	1,0,0.0001725476662928134,7.420599584446424e-05
peter	0,3,8.62738331464067e-05,0.00029682398337785694
petteway	1,0,0.0001725476662928134,7.420599584446424e-05
phentermine	0,2,8.62738331464067e-05,0.0002226179875333927
philip	1,0,0.0001725476662928134,7.420599584446424e-05
phillip	1,0,0.0001725476662928134,7.420599584446424e-05
phone	2,12,0.0002588214994392201,0.000964677945978035
php	0,3,8.62738331464067e-05,0.00029682398337785694
pilkington	0,1,8.62738331464067e-05,0.00014841199168892847
pipe	1,0,0.0001725476662928134,7.420599584446424e-05
pitifully	0,1,8.62738331464067e-05,0.00014841199168892847
place	5,12,0.0005176429988784402,0.000964677945978035
plain	0,4,8.62738331464067e-05,0.00037102997922232116
plan	7,0,0.0006901906651712536,7.420599584446424e-05
plants	2,0,0.0002588214994392201,7.420599584446424e-05
platitudes	0,1,8.62738331464067e-05,0.00014841199168892847
pleasant	1,0,0.0001725476662928134,7.420599584446424e-05
please	41,20,0.003623500992149081,0.001558325912733749
plentiful	0,1,8.62738331464067e-05,0.00014841199168892847
po	0,1,8.62738331464067e-05,0.00014841199168892847
political	0,2,8.62738331464067e-05,0.0002226179875333927
politicians	1,0,0.0001725476662928134,7.420599584446424e-05
poor	0,3,8.62738331464067e-05,0.00029682398337785694
ports	0,1,8.62738331464067e-05,0.00014841199168892847
positions	1,0,0.0001725476662928134,7.420599584446424e-05
possesses	0,1,8.62738331464067e-05,0.00014841199168892847
possibilities	0,1,8.62738331464067e-05,0.00014841199168892847
possible	8,5,0.0007764644983176603,0.0004452359750667854
post	0,7,8.62738331464067e-05,0.0005936479667557139
posting	0,1,8.62738331464067e-05,0.00014841199168892847
potential	1,4,0.0001725476662928134,0.00037102997922232116
pound	0,2,8.62738331464067e-05,0.0002226179875333927
practices	2,0,0.0002588214994392201,7.420599584446424e-05
precluded	1,0,0.0001725476662928134,7.420599584446424e-05
preneur	0,1,8.62738331464067e-05,0.00014841199168892847
prescriptions	0,1,8.62738331464067e-05,0.00014841199168892847
presence	2,0,0.0002588214994392201,7.420599584446424e-05
present	2,0,0.0002588214994392201,7.420599584446424e-05
presented	0,1,8.62738331464067e-05,0.00014841199168892847
pressure	3,2,0.0003450953325856268,0.0002226179875333927
prevent	0,1,8.62738331464067e-05,0.00014841199168892847
prices	2,5,0.0002588214994392201,0.0004452359750667854
pricing	2,2,0.0002588214994392201,0.0002226179875333927
pride	1,0,0.0001725476662928134,7.420599584446424e-05
priices	0,1,8.62738331464067e-05,0.00014841199168892847
prilosec	0,1,8.62738331464067e-05,0.00014841199168892847
primary	3,0,0.0003450953325856268,7.420599584446424e-05
printable	0,2,8.62738331464067e-05,0.0002226179875333927
printer	23,0,0.0020705719955137606,7.420599584446424e-05
prior	7,0,0.0006901906651712536,7.420599584446424e-05
privacy	0,5,8.62738331464067e-05,0.0004452359750667854
private	0,5,8.62738331464067e-05,0.0004452359750667854
pro	0,1,8.62738331464067e-05,0.00014841199168892847
probably	1,4,0.0001725476662928134,0.00037102997922232116
problems	1,3,0.0001725476662928134,0.00029682398337785694
procedures	2,0,0.0002588214994392201,7.420599584446424e-05
proceeds	1,0,0.0001725476662928134,7.420599584446424e-05
procrustes	0,1,8.62738331464067e-05,0.00014841199168892847
procurement	2,0,0.0002588214994392201,7.420599584446424e-05
produce	0,2,8.62738331464067e-05,0.0002226179875333927
producer	0,1,8.62738331464067e-05,0.00014841199168892847
product	2,28,0.0002588214994392201,0.0021519738794894628
profitbanners	0,3,8.62738331464067e-05,0.00029682398337785694
profits	0,1,8.62738331464067e-05,0.00014841199168892847
program	1,2,0.0001725476662928134,0.0002226179875333927
prohibited	1,0,0.0001725476662928134,7.420599584446424e-05
projects	2,0,0.0002588214994392201,7.420599584446424e-05
prominent	0,2,8.62738331464067e-05,0.0002226179875333927
promoting	0,2,8.62738331464067e-05,0.0002226179875333927
property	0,2,8.62738331464067e-05,0.0002226179875333927
proposal	2,4,0.0002588214994392201,0.00037102997922232116
prove	0,2,8.62738331464067e-05,0.0002226179875333927
prozac	0,1,8.62738331464067e-05,0.00014841199168892847
pst	1,0,0.0001725476662928134,7.420599584446424e-05
pts	1,0,0.0001725476662928134,7.420599584446424e-05
puc	2,0,0.0002588214994392201,7.420599584446424e-05
pull	4,1,0.0004313691657320335,0.00014841199168892847
pulled	1,0,0.0001725476662928134,7.420599584446424e-05
pulling	1,0,0.0001725476662928134,7.420599584446424e-05
purchase	4,5,0.0004313691657320335,0.0004452359750667854
pushed	0,1,8.62738331464067e-05,0.00014841199168892847
pushes	0,1,8.62738331464067e-05,0.00014841199168892847
pushing	0,1,8.62738331464067e-05,0.00014841199168892847
puts	1,0,0.0001725476662928134,7.420599584446424e-05
quasi	1,0,0.0001725476662928134,7.420599584446424e-05
queensland	0,2,8.62738331464067e-05,0.0002226179875333927
questions	17,15,0.0015529289966353206,0.0011872959335114278
quick	1,0,0.0001725476662928134,7.420599584446424e-05
quoted	2,2,0.0002588214994392201,0.0002226179875333927
quotes	0,3,8.62738331464067e-05,0.00029682398337785694
rac	1,0,0.0001725476662928134,7.420599584446424e-05
rail	0,3,8.62738331464067e-05,0.00029682398337785694
railing	0,1,8.62738331464067e-05,0.00014841199168892847
raise	0,2,8.62738331464067e-05,0.0002226179875333927
ramupgradeable	0,1,8.62738331464067e-05,0.00014841199168892847
ranen	1,0,0.0001725476662928134,7.420599584446424e-05
rapidly	0,1,8.62738331464067e-05,0.00014841199168892847
rather	1,3,0.0001725476662928134,0.00029682398337785694
rd	1,0,0.0001725476662928134,7.420599584446424e-05
read	0,16,8.62738331464067e-05,0.0012615019293558919
readers	0,3,8.62738331464067e-05,0.00029682398337785694
readies	0,1,8.62738331464067e-05,0.00014841199168892847
reading	0,1,8.62738331464067e-05,0.00014841199168892847
reado	0,1,8.62738331464067e-05,0.00014841199168892847
realize	0,1,8.62738331464067e-05,0.00014841199168892847
really	3,4,0.0003450953325856268,0.00037102997922232116
reasons	0,1,8.62738331464067e-05,0.00014841199168892847
rebels	0,2,8.62738331464067e-05,0.0002226179875333927
recap	2,1,0.0002588214994392201,0.00014841199168892847
receipt	3,2,0.0003450953325856268,0.0002226179875333927
receive	2,8,0.0002588214994392201,0.0006678539626001781
reclaimers	0,1,8.62738331464067e-05,0.00014841199168892847
recognizing	3,0,0.0003450953325856268,7.420599584446424e-05
recruiting	2,1,0.0002588214994392201,0.00014841199168892847
redesigns	0,1,8.62738331464067e-05,0.00014841199168892847
reduction	2,1,0.0002588214994392201,0.00014841199168892847
reference	0,1,8.62738331464067e-05,0.00014841199168892847
referred	1,1,0.0001725476662928134,0.00014841199168892847
refugee	0,2,8.62738331464067e-05,0.0002226179875333927
regretful	0,1,8.62738331464067e-05,0.00014841199168892847
reliant	3,0,0.0003450953325856268,7.420599584446424e-05
remember	3,4,0.0003450953325856268,0.00037102997922232116
removed	0,2,8.62738331464067e-05,0.0002226179875333927
removes	0,1,8.62738331464067e-05,0.00014841199168892847
removing	0,1,8.62738331464067e-05,0.00014841199168892847
renewable	2,0,0.0002588214994392201,7.420599584446424e-05
rental	0,1,8.62738331464067e-05,0.00014841199168892847
reply	0,2,8.62738331464067e-05,0.0002226179875333927
replying	1,0,0.0001725476662928134,7.420599584446424e-05
representatives	1,1,0.0001725476662928134,0.00014841199168892847
reputation	0,1,8.62738331464067e-05,0.00014841199168892847
required	0,1,8.62738331464067e-05,0.00014841199168892847
requires	0,1,8.62738331464067e-05,0.00014841199168892847
reseller	0,1,8.62738331464067e-05,0.00014841199168892847
resolved	1,0,0.0001725476662928134,7.420599584446424e-05
respectable	0,1,8.62738331464067e-05,0.00014841199168892847
respond	1,3,0.0001725476662928134,0.00029682398337785694
responses	0,4,8.62738331464067e-05,0.00037102997922232116
restate	0,1,8.62738331464067e-05,0.00014841199168892847
restore	0,1,8.62738331464067e-05,0.00014841199168892847
restrictions	1,0,0.0001725476662928134,7.420599584446424e-05
retentive	0,1,8.62738331464067e-05,0.00014841199168892847
retired	0,2,8.62738331464067e-05,0.0002226179875333927
retirement	0,1,8.62738331464067e-05,0.00014841199168892847
review	6,4,0.0006039168320248468,0.00037102997922232116
reviewed	0,4,8.62738331464067e-05,0.00037102997922232116
reviewing	0,1,8.62738331464067e-05,0.00014841199168892847
revised	1,0,0.0001725476662928134,7.420599584446424e-05
revolution	0,2,8.62738331464067e-05,0.0002226179875333927
richard	3,0,0.0003450953325856268,7.420599584446424e-05
richarddaniel	1,0,0.0001725476662928134,7.420599584446424e-05
rid	0,1,8.62738331464067e-05,0.00014841199168892847
riding	0,1,8.62738331464067e-05,0.00014841199168892847
rising	1,0,0.0001725476662928134,7.420599584446424e-05
rizzi	2,0,0.0002588214994392201,7.420599584446424e-05
rm	0,1,8.62738331464067e-05,0.00014841199168892847
roared	0,1,8.62738331464067e-05,0.00014841199168892847
roberts	9,0,0.000862738331464067,7.420599584446424e-05
roibot	0,2,8.62738331464067e-05,0.0002226179875333927
roman	4,0,0.0004313691657320335,7.420599584446424e-05
room	3,0,0.0003450953325856268,7.420599584446424e-05
roving	0,4,8.62738331464067e-05,0.00037102997922232116
rudl	0,1,8.62738331464067e-05,0.00014841199168892847
running	2,4,0.0002588214994392201,0.00037102997922232116
russell	1,0,0.0001725476662928134,7.420599584446424e-05
rvsq	0,1,8.62738331464067e-05,0.00014841199168892847
ryanmcgeachie	1,0,0.0001725476662928134,7.420599584446424e-05
s	50,66,0.0043999654904667415,0.004971801721579103
safe	1,2,0.0001725476662928134,0.0002226179875333927
safety	0,2,8.62738331464067e-05,0.0002226179875333927
sale	1,7,0.0001725476662928134,0.0005936479667557139
salt	0,1,8.62738331464067e-05,0.00014841199168892847
sampling	0,1,8.62738331464067e-05,0.00014841199168892847
san	3,0,0.0003450953325856268,7.420599584446424e-05
sat	1,0,0.0001725476662928134,7.420599584446424e-05
saturday	1,0,0.0001725476662928134,7.420599584446424e-05
says	1,2,0.0001725476662928134,0.0002226179875333927
sc	0,2,8.62738331464067e-05,0.0002226179875333927
scams	0,1,8.62738331464067e-05,0.00014841199168892847
schott	1,0,0.0001725476662928134,7.420599584446424e-05
schumack	3,0,0.0003450953325856268,7.420599584446424e-05
science	0,1,8.62738331464067e-05,0.00014841199168892847
scientific	0,1,8.62738331464067e-05,0.00014841199168892847
scope	2,0,0.0002588214994392201,7.420599584446424e-05
screen	0,1,8.62738331464067e-05,0.00014841199168892847
screening	0,1,8.62738331464067e-05,0.00014841199168892847
script	0,3,8.62738331464067e-05,0.00029682398337785694
scroll	0,3,8.62738331464067e-05,0.00029682398337785694
season	1,0,0.0001725476662928134,7.420599584446424e-05
secret	0,2,8.62738331464067e-05,0.0002226179875333927
section	1,3,0.0001725476662928134,0.00029682398337785694
seems	4,0,0.0004313691657320335,7.420599584446424e-05
seen	1,2,0.0001725476662928134,0.0002226179875333927
seize	2,0,0.0002588214994392201,7.420599584446424e-05
sells	0,2,8.62738331464067e-05,0.0002226179875333927
sempratrading	1,0,0.0001725476662928134,7.420599584446424e-05
sengupta	1,0,0.0001725476662928134,7.420599584446424e-05
sent	5,6,0.0005176429988784402,0.0005194419709112497
sentence	0,2,8.62738331464067e-05,0.0002226179875333927
separate	1,4,0.0001725476662928134,0.00037102997922232116
sera	1,0,0.0001725476662928134,7.420599584446424e-05
serial	0,1,8.62738331464067e-05,0.00014841199168892847
serious	0,1,8.62738331464067e-05,0.00014841199168892847
served	0,1,8.62738331464067e-05,0.00014841199168892847
servers	0,2,8.62738331464067e-05,0.0002226179875333927
services	4,6,0.0004313691657320335,0.0005194419709112497
session	0,1,8.62738331464067e-05,0.00014841199168892847
setting	2,0,0.0002588214994392201,7.420599584446424e-05
settled	2,0,0.0002588214994392201,7.420599584446424e-05
settlement	2,0,0.0002588214994392201,7.420599584446424e-05
several	11,5,0.0010352859977568803,0.0004452359750667854
seward	0,1,8.62738331464067e-05,0.00014841199168892847
sexual	0,2,8.62738331464067e-05,0.0002226179875333927
sezgen	4,0,0.0004313691657320335,7.420599584446424e-05
shall	1,1,0.0001725476662928134,0.00014841199168892847
shanbhogue	5,0,0.0005176429988784402,7.420599584446424e-05
shandong	0,1,8.62738331464067e-05,0.00014841199168892847
shared	3,0,0.0003450953325856268,7.420599584446424e-05
shares	0,1,8.62738331464067e-05,0.00014841199168892847
sharing	2,1,0.0002588214994392201,0.00014841199168892847
sharpens	0,1,8.62738331464067e-05,0.00014841199168892847
shenkman	1,0,0.0001725476662928134,7.420599584446424e-05
shiip	0,2,8.62738331464067e-05,0.0002226179875333927
shop	0,3,8.62738331464067e-05,0.00029682398337785694
shorter	0,1,8.62738331464067e-05,0.00014841199168892847
should	8,14,0.0007764644983176603,0.0011130899376669634
showcases	0,5,8.62738331464067e-05,0.0004452359750667854
shown	0,2,8.62738331464067e-05,0.0002226179875333927
shutdown	0,1,8.62738331464067e-05,0.00014841199168892847
shy	1,0,0.0001725476662928134,7.420599584446424e-05
side	0,2,8.62738331464067e-05,0.0002226179875333927
sierra	0,4,8.62738331464067e-05,0.00037102997922232116
sign	1,3,0.0001725476662928134,0.00029682398337785694
signed	0,3,8.62738331464067e-05,0.00029682398337785694
signing	0,1,8.62738331464067e-05,0.00014841199168892847
silver	0,1,8.62738331464067e-05,0.00014841199168892847
simply	0,2,8.62738331464067e-05,0.0002226179875333927
singing	0,1,8.62738331464067e-05,0.00014841199168892847
singleton	1,0,0.0001725476662928134,7.420599584446424e-05
six	1,2,0.0001725476662928134,0.0002226179875333927
skills	0,2,8.62738331464067e-05,0.0002226179875333927
slgavjmoqq	0,1,8.62738331464067e-05,0.00014841199168892847
slightly	1,0,0.0001725476662928134,7.420599584446424e-05
slots	0,1,8.62738331464067e-05,0.00014841199168892847
slowly	0,1,8.62738331464067e-05,0.00014841199168892847
smoking	0,5,8.62738331464067e-05,0.0004452359750667854
snooping	0,1,8.62738331464067e-05,0.00014841199168892847
so	22,28,0.001984298162367354,0.0021519738794894628
sokolov	4,0,0.0004313691657320335,7.420599584446424e-05
solely	0,1,8.62738331464067e-05,0.00014841199168892847
solmonson	1,0,0.0001725476662928134,7.420599584446424e-05
some	35,25,0.003105857993270641,0.00192935589195607
sometimes	0,1,8.62738331464067e-05,0.00014841199168892847
sound	2,1,0.0002588214994392201,0.00014841199168892847
sources	6,0,0.0006039168320248468,7.420599584446424e-05
souza	1,0,0.0001725476662928134,7.420599584446424e-05
spam	0,7,8.62738331464067e-05,0.0005936479667557139
speak	2,4,0.0002588214994392201,0.00037102997922232116
speaking	0,1,8.62738331464067e-05,0.00014841199168892847
specific	2,5,0.0002588214994392201,0.0004452359750667854
speed	2,0,0.0002588214994392201,7.420599584446424e-05
speeding	0,1,8.62738331464067e-05,0.00014841199168892847
spell	0,2,8.62738331464067e-05,0.0002226179875333927
spelling	0,3,8.62738331464067e-05,0.00029682398337785694
spend	0,4,8.62738331464067e-05,0.00037102997922232116
spending	0,1,8.62738331464067e-05,0.00014841199168892847
spirit	2,0,0.0002588214994392201,7.420599584446424e-05
split	1,1,0.0001725476662928134,0.00014841199168892847
sportsbetting	0,1,8.62738331464067e-05,0.00014841199168892847
spot	4,1,0.0004313691657320335,0.00014841199168892847
spreads	1,0,0.0001725476662928134,7.420599584446424e-05
sr	0,1,8.62738331464067e-05,0.00014841199168892847
ssb	1,0,0.0001725476662928134,7.420599584446424e-05
stacey	3,1,0.0003450953325856268,0.00014841199168892847
staff	4,0,0.0004313691657320335,7.420599584446424e-05
stage	0,2,8.62738331464067e-05,0.0002226179875333927
stalling	0,1,8.62738331464067e-05,0.00014841199168892847
stand	0,2,8.62738331464067e-05,0.0002226179875333927
standing	0,4,8.62738331464067e-05,0.00037102997922232116
star	0,2,8.62738331464067e-05,0.0002226179875333927
startbgmlmezine	0,1,8.62738331464067e-05,0.00014841199168892847
stats	2,0,0.0002588214994392201,7.420599584446424e-05
stephanie	1,0,0.0001725476662928134,7.420599584446424e-05
steps	0,1,8.62738331464067e-05,0.00014841199168892847
stern	0,1,8.62738331464067e-05,0.00014841199168892847
stocker	0,1,8.62738331464067e-05,0.00014841199168892847
stockhouse	0,1,8.62738331464067e-05,0.00014841199168892847
stomaching	0,1,8.62738331464067e-05,0.00014841199168892847
stood	0,1,8.62738331464067e-05,0.00014841199168892847
stop	5,9,0.0005176429988784402,0.0007420599584446423
story	0,16,8.62738331464067e-05,0.0012615019293558919
strategy	2,0,0.0002588214994392201,7.420599584446424e-05
stratton	1,0,0.0001725476662928134,7.420599584446424e-05
streets	0,1,8.62738331464067e-05,0.00014841199168892847
strengthened	0,1,8.62738331464067e-05,0.00014841199168892847
strengthening	1,0,0.0001725476662928134,7.420599584446424e-05
strengths	2,0,0.0002588214994392201,7.420599584446424e-05
stress	0,5,8.62738331464067e-05,0.0004452359750667854
strides	2,0,0.0002588214994392201,7.420599584446424e-05
structure	5,0,0.0005176429988784402,7.420599584446424e-05
studio	0,2,8.62738331464067e-05,0.0002226179875333927
styles	1,0,0.0001725476662928134,7.420599584446424e-05
subscriptions	0,1,8.62738331464067e-05,0.00014841199168892847
succeeds	1,0,0.0001725476662928134,7.420599584446424e-05
super	0,4,8.62738331464067e-05,0.00037102997922232116
supervisors	5,0,0.0005176429988784402,7.420599584446424e-05
supply	3,1,0.0003450953325856268,0.00014841199168892847
surf	0,5,8.62738331464067e-05,0.0004452359750667854
surfing	0,1,8.62738331464067e-05,0.00014841199168892847
sustainability	0,1,8.62738331464067e-05,0.00014841199168892847
swbe	1,0,0.0001725476662928134,7.420599584446424e-05
swings	0,1,8.62738331464067e-05,0.00014841199168892847
switch	1,0,0.0001725476662928134,7.420599584446424e-05
syndicate	0,1,8.62738331464067e-05,0.00014841199168892847
table	1,1,0.0001725476662928134,0.00014841199168892847
tablets	0,1,8.62738331464067e-05,0.00014841199168892847
tag	0,1,8.62738331464067e-05,0.00014841199168892847
take	7,7,0.0006901906651712536,0.0005936479667557139
takeover	2,0,0.0002588214994392201,7.420599584446424e-05
takriti	5,0,0.0005176429988784402,7.420599584446424e-05
tamarchenko	4,0,0.0004313691657320335,7.420599584446424e-05
tangible	1,0,0.0001725476662928134,7.420599584446424e-05
tanya	4,0,0.0004313691657320335,7.420599584446424e-05
taylor	1,0,0.0001725476662928134,7.420599584446424e-05
teach	0,1,8.62738331464067e-05,0.00014841199168892847
teachers	0,1,8.62738331464067e-05,0.00014841199168892847
techniques	0,2,8.62738331464067e-05,0.0002226179875333927
technology	2,1,0.0002588214994392201,0.00014841199168892847
teco	2,0,0.0002588214994392201,7.420599584446424e-05
teddy	0,3,8.62738331464067e-05,0.00029682398337785694
tejones	2,0,0.0002588214994392201,7.420599584446424e-05
tel	0,1,8.62738331464067e-05,0.00014841199168892847
telephone	3,0,0.0003450953325856268,7.420599584446424e-05
teleseminar	0,2,8.62738331464067e-05,0.0002226179875333927
television	0,1,8.62738331464067e-05,0.00014841199168892847
tell	0,12,8.62738331464067e-05,0.000964677945978035
tenacity	0,1,8.62738331464067e-05,0.00014841199168892847
teosrest	0,1,8.62738331464067e-05,0.00014841199168892847
terence	0,1,8.62738331464067e-05,0.00014841199168892847
terrific	0,1,8.62738331464067e-05,0.00014841199168892847
test	0,1,8.62738331464067e-05,0.00014841199168892847
texts	2,0,0.0002588214994392201,7.420599584446424e-05
th	9,0,0.000862738331464067,7.420599584446424e-05
than	11,10,0.0010352859977568803,0.0008162659542891065
thanks	33,0,0.002933310326977828,7.420599584446424e-05
that	71,100,0.006211715986541282,0.007494805580290888
them	7,45,0.0006901906651712536,0.003413475808845355
therefore	3,1,0.0003450953325856268,0.00014841199168892847
they	11,47,0.0010352859977568803,0.003561887800534283
thing	3,7,0.0003450953325856268,0.0005936479667557139
thirty	0,2,8.62738331464067e-05,0.0002226179875333927
thorns	0,1,8.62738331464067e-05,0.00014841199168892847
those	4,9,0.0004313691657320335,0.0007420599584446423
though	3,1,0.0003450953325856268,0.00014841199168892847
thoughts	0,1,8.62738331464067e-05,0.00014841199168892847
thousainds	0,1,8.62738331464067e-05,0.00014841199168892847
thousands	1,2,0.0001725476662928134,0.0002226179875333927
threats	2,0,0.0002588214994392201,7.420599584446424e-05
thronged	0,1,8.62738331464067e-05,0.00014841199168892847
through	3,10,0.0003450953325856268,0.0008162659542891065
thu	10,0,0.0009490121646104736,7.420599584446424e-05
thuraisingham	6,0,0.0006039168320248468,7.420599584446424e-05
timotheus	0,1,8.62738331464067e-05,0.00014841199168892847
tin	0,5,8.62738331464067e-05,0.0004452359750667854
tips	0,4,8.62738331464067e-05,0.00037102997922232116
tire	0,1,8.62738331464067e-05,0.00014841199168892847
titles	0,3,8.62738331464067e-05,0.00029682398337785694
todd	1,0,0.0001725476662928134,7.420599584446424e-05
took	1,2,0.0001725476662928134,0.0002226179875333927
topics	0,1,8.62738331464067e-05,0.00014841199168892847
touched	0,1,8.62738331464067e-05,0.00014841199168892847
towards	0,4,8.62738331464067e-05,0.00037102997922232116
towels	0,1,8.62738331464067e-05,0.00014841199168892847
traders	1,0,0.0001725476662928134,7.420599584446424e-05
trading	26,0,0.002329393494952981,7.420599584446424e-05
trafficmultipliers	0,1,8.62738331464067e-05,0.00014841199168892847
transalta	1,0,0.0001725476662928134,7.420599584446424e-05
transition	4,0,0.0004313691657320335,7.420599584446424e-05
treat	1,0,0.0001725476662928134,7.420599584446424e-05
trevino	2,0,0.0002588214994392201,7.420599584446424e-05
trials	0,1,8.62738331464067e-05,0.00014841199168892847
trips	0,1,8.62738331464067e-05,0.00014841199168892847
troubled	0,1,8.62738331464067e-05,0.00014841199168892847
true	0,7,8.62738331464067e-05,0.0005936479667557139
tuned	1,0,0.0001725476662928134,7.420599584446424e-05
tuning	1,0,0.0001725476662928134,7.420599584446424e-05
turk	0,3,8.62738331464067e-05,0.00029682398337785694
turn	1,1,0.0001725476662928134,0.00014841199168892847
turned	0,1,8.62738331464067e-05,0.00014841199168892847
twain	1,0,0.0001725476662928134,7.420599584446424e-05
two	12,9,0.001121559830903287,0.0007420599584446423
txuenergy	3,0,0.0003450953325856268,7.420599584446424e-05
tyone	0,1,8.62738331464067e-05,0.00014841199168892847
unable	3,0,0.0003450953325856268,7.420599584446424e-05
unavoidable	1,0,0.0001725476662928134,7.420599584446424e-05
unbelievably	0,1,8.62738331464067e-05,0.00014841199168892847
uncomfortable	0,1,8.62738331464067e-05,0.00014841199168892847
underga	1,0,0.0001725476662928134,7.420599584446424e-05
union	1,0,0.0001725476662928134,7.420599584446424e-05
unit	6,0,0.0006039168320248468,7.420599584446424e-05
united	1,2,0.0001725476662928134,0.0002226179875333927
universal	0,1,8.62738331464067e-05,0.00014841199168892847
unknown	0,3,8.62738331464067e-05,0.00029682398337785694
unmanly	0,1,8.62738331464067e-05,0.00014841199168892847
unprofessional	0,1,8.62738331464067e-05,0.00014841199168892847
unsubscribe	0,12,8.62738331464067e-05,0.000964677945978035
until	10,4,0.0009490121646104736,0.00037102997922232116
up	20,19,0.0018117504960745406,0.0014841199168892847
update	10,1,0.0009490121646104736,0.00014841199168892847
upgraded	0,1,8.62738331464067e-05,0.00014841199168892847
upgrades	0,2,8.62738331464067e-05,0.0002226179875333927
uranium	0,1,8.62738331464067e-05,0.00014841199168892847
urg	2,0,0.0002588214994392201,7.420599584446424e-05
urgent	2,4,0.0002588214994392201,0.00037102997922232116
us	9,33,0.000862738331464067,0.0025230038587117838
used	4,5,0.0004313691657320335,0.0004452359750667854
users	6,0,0.0006039168320248468,7.420599584446424e-05
uses	0,1,8.62738331464067e-05,0.00014841199168892847
using	2,10,0.0002588214994392201,0.0008162659542891065
utilities	14,0,0.0012941074971961003,7.420599584446424e-05
v	3,4,0.0003450953325856268,0.00037102997922232116
vacation	1,1,0.0001725476662928134,0.00014841199168892847
valuable	1,5,0.0001725476662928134,0.0004452359750667854
value	3,6,0.0003450953325856268,0.0005194419709112497
van	2,0,0.0002588214994392201,7.420599584446424e-05
vanadium	0,1,8.62738331464067e-05,0.00014841199168892847
variety	0,1,8.62738331464067e-05,0.00014841199168892847
vaughn	3,0,0.0003450953325856268,7.420599584446424e-05
vault	0,1,8.62738331464067e-05,0.00014841199168892847
vendors	1,0,0.0001725476662928134,7.420599584446424e-05
verify	0,1,8.62738331464067e-05,0.00014841199168892847
very	8,15,0.0007764644983176603,0.0011872959335114278
vi	0,1,8.62738331464067e-05,0.00014841199168892847
viagra	0,4,8.62738331464067e-05,0.00037102997922232116
vic	0,1,8.62738331464067e-05,0.00014841199168892847
vicodin	0,1,8.62738331464067e-05,0.00014841199168892847
viewer	0,1,8.62738331464067e-05,0.00014841199168892847
vision	0,1,8.62738331464067e-05,0.00014841199168892847
visit	4,18,0.0004313691657320335,0.0014099139210448203
visited	0,1,8.62738331464067e-05,0.00014841199168892847
visitor	0,2,8.62738331464067e-05,0.0002226179875333927
visually	0,1,8.62738331464067e-05,0.00014841199168892847
voices	0,1,8.62738331464067e-05,0.00014841199168892847
volatility	4,0,0.0004313691657320335,7.420599584446424e-05
volume	9,0,0.000862738331464067,7.420599584446424e-05
voluntary	1,0,0.0001725476662928134,7.420599584446424e-05
wallis	1,0,0.0001725476662928134,7.420599584446424e-05
walton	2,0,0.0002588214994392201,7.420599584446424e-05
want	3,27,0.0003450953325856268,0.0020777678836449986
wanted	3,1,0.0003450953325856268,0.00014841199168892847
wanting	0,3,8.62738331464067e-05,0.00029682398337785694
ward	0,1,8.62738331464067e-05,0.00014841199168892847
was	19,40,0.001725476662928134,0.0030424458296230334
washington	1,0,0.0001725476662928134,7.420599584446424e-05
watched	1,0,0.0001725476662928134,7.420599584446424e-05
water	0,2,8.62738331464067e-05,0.0002226179875333927
way	3,6,0.0003450953325856268,0.0005194419709112497
we	66,67,0.005780346820809248,0.0050460077174235675
weakness	2,2,0.0002588214994392201,0.0002226179875333927
webmaster	0,1,8.62738331464067e-05,0.00014841199168892847
wednesday	5,0,0.0005176429988784402,7.420599584446424e-05
weed	1,0,0.0001725476662928134,7.420599584446424e-05
weekend	3,0,0.0003450953325856268,7.420599584446424e-05
weep	0,1,8.62738331464067e-05,0.00014841199168892847
weissman	5,0,0.0005176429988784402,7.420599584446424e-05
welcome	2,0,0.0002588214994392201,7.420599584446424e-05
well	9,7,0.000862738331464067,0.0005936479667557139
west	2,3,0.0002588214994392201,0.00029682398337785694
what	18,37,0.0016392028297817272,0.0028198278420896407
whatsoever	0,2,8.62738331464067e-05,0.0002226179875333927
whiskey	0,1,8.62738331464067e-05,0.00014841199168892847
who	7,14,0.0006901906651712536,0.0011130899376669634
wholesale	12,1,0.001121559830903287,0.00014841199168892847
whose	1,1,0.0001725476662928134,0.00014841199168892847
wife	0,3,8.62738331464067e-05,0.00029682398337785694
william	1,0,0.0001725476662928134,7.420599584446424e-05
willie	1,0,0.0001725476662928134,7.420599584446424e-05
win	0,8,8.62738331464067e-05,0.0006678539626001781
window	0,1,8.62738331464067e-05,0.00014841199168892847
windowsentities	0,1,8.62738331464067e-05,0.00014841199168892847
wisew	1,0,0.0001725476662928134,7.420599584446424e-05
women	0,2,8.62738331464067e-05,0.0002226179875333927
won	0,4,8.62738331464067e-05,0.00037102997922232116
wonder	0,2,8.62738331464067e-05,0.0002226179875333927
wonderful	1,0,0.0001725476662928134,7.420599584446424e-05
wondering	0,1,8.62738331464067e-05,0.00014841199168892847
woodwork	0,1,8.62738331464067e-05,0.00014841199168892847
woolgar	0,1,8.62738331464067e-05,0.00014841199168892847
words	0,8,8.62738331464067e-05,0.0006678539626001781
work	20,6,0.0018117504960745406,0.0005194419709112497
worked	1,2,0.0001725476662928134,0.0002226179875333927
working	5,3,0.0005176429988784402,0.00029682398337785694
worthless	0,1,8.62738331464067e-05,0.00014841199168892847
wpd	2,0,0.0002588214994392201,7.420599584446424e-05
writing	1,6,0.0001725476662928134,0.0005194419709112497
written	0,5,8.62738331464067e-05,0.0004452359750667854
xacnax	0,1,8.62738331464067e-05,0.00014841199168892847
xanax	0,1,8.62738331464067e-05,0.00014841199168892847
xeni	0,1,8.62738331464067e-05,0.00014841199168892847
xm	0,1,8.62738331464067e-05,0.00014841199168892847
xp	0,6,8.62738331464067e-05,0.0005194419709112497
yahoo	0,4,8.62738331464067e-05,0.00037102997922232116
year	11,10,0.0010352859977568803,0.0008162659542891065
yes	2,1,0.0002588214994392201,0.00014841199168892847
you	80,252,0.006988180484858942,0.01877411694864945
youcan	0,1,8.62738331464067e-05,0.00014841199168892847
young	0,2,8.62738331464067e-05,0.0002226179875333927
your	35,271,0.003105857993270641,0.02018403086969427
yourmembership	0,1,8.62738331464067e-05,0.00014841199168892847
yourself	0,10,8.62738331464067e-05,0.0008162659542891065
yowman	1,0,0.0001725476662928134,7.420599584446424e-05
zero	3,1,0.0003450953325856268,0.00014841199168892847
zinc	0,1,8.62738331464067e-05,0.00014841199168892847
zk	0,1,8.62738331464067e-05,0.00014841199168892847
zolam	0,1,8.62738331464067e-05,0.00014841199168892847
ClassPriors	47,33,0.5875,0.4125
able	3,8,0.0003450953325856268,0.0006678539626001781
abn	0,1,8.62738331464067e-05,0.00014841199168892847
about	8,36,0.0007764644983176603,0.0027456218462451765
absolute	0,1,8.62738331464067e-05,0.00014841199168892847
accelerated	0,1,8.62738331464067e-05,0.00014841199168892847
acceptable	0,1,8.62738331464067e-05,0.00014841199168892847
access	2,9,0.0002588214994392201,0.0007420599584446423
accomodate	4,0,0.0004313691657320335,7.420599584446424e-05
according	1,1,0.0001725476662928134,0.00014841199168892847
account	16,13,0.001466655163488914,0.0010388839418224993
accounting	4,0,0.0004313691657320335,7.420599584446424e-05
achieve	1,0,0.0001725476662928134,7.420599584446424e-05
acid	0,1,8.62738331464067e-05,0.00014841199168892847
acquire	1,0,0.0001725476662928134,7.420599584446424e-05
acquisition	0,1,8.62738331464067e-05,0.00014841199168892847
action	0,1,8.62738331464067e-05,0.00014841199168892847
activists	1,0,0.0001725476662928134,7.420599584446424e-05
actually	0,1,8.62738331464067e-05,0.00014841199168892847
ad	0,20,8.62738331464067e-05,0.001558325912733749
additional	11,0,0.0010352859977568803,7.420599584446424e-05
addtional	1,0,0.0001725476662928134,7.420599584446424e-05
adminder	0,1,8.62738331464067e-05,0.00014841199168892847
adobee	0,1,8.62738331464067e-05,0.00014841199168892847
adr	1,0,0.0001725476662928134,7.420599584446424e-05
adrianbold	0,1,8.62738331464067e-05,0.00014841199168892847
advance	4,0,0.0004313691657320335,7.420599584446424e-05
advertised	0,1,8.62738331464067e-05,0.00014841199168892847
advertisement	0,4,8.62738331464067e-05,0.00037102997922232116
advertising	0,6,8.62738331464067e-05,0.0005194419709112497
advice	1,1,0.0001725476662928134,0.00014841199168892847
affect	0,1,8.62738331464067e-05,0.00014841199168892847
africa	0,10,8.62738331464067e-05,0.0008162659542891065
after	3,12,0.0003450953325856268,0.000964677945978035
again	7,4,0.0006901906651712536,0.00037102997922232116
against	2,1,0.0002588214994392201,0.00014841199168892847
agent	0,1,8.62738331464067e-05,0.00014841199168892847
aggressively	2,1,0.0002588214994392201,0.00014841199168892847
agreements	3,0,0.0003450953325856268,7.420599584446424e-05
aid	0,1,8.62738331464067e-05,0.00014841199168892847
airs	0,1,8.62738331464067e-05,0.00014841199168892847
albuquerque	2,0,0.0002588214994392201,7.420599584446424e-05
alertness	0,1,8.62738331464067e-05,0.00014841199168892847
alhaji	0,2,8.62738331464067e-05,0.0002226179875333927
allen	4,1,0.0004313691657320335,0.00014841199168892847
almost	0,2,8.62738331464067e-05,0.0002226179875333927
alone	0,1,8.62738331464067e-05,0.00014841199168892847
also	24,21,0.0021568458286601675,0.001632531908578213
alternatively	0,1,8.62738331464067e-05,0.00014841199168892847
although	2,1,0.0002588214994392201,0.00014841199168892847
alum	0,1,8.62738331464067e-05,0.00014841199168892847
am	58,14,0.005090156155637995,0.0011130899376669634
amazed	0,1,8.62738331464067e-05,0.00014841199168892847
ambien	0,1,8.62738331464067e-05,0.00014841199168892847
america	12,1,0.001121559830903287,0.00014841199168892847
ami	1,0,0.0001725476662928134,7.420599584446424e-05
among	3,3,0.0003450953325856268,0.00029682398337785694
amortize	4,0,0.0004313691657320335,7.420599584446424e-05
analyst	1,1,0.0001725476662928134,0.00014841199168892847
angelova	4,0,0.0004313691657320335,7.420599584446424e-05
angrily	0,1,8.62738331464067e-05,0.00014841199168892847
announcements	2,1,0.0002588214994392201,0.00014841199168892847
anonymizer	0,1,8.62738331464067e-05,0.00014841199168892847
answer	0,5,8.62738331464067e-05,0.0004452359750667854
answered	0,1,8.62738331464067e-05,0.00014841199168892847
answering	0,1,8.62738331464067e-05,0.00014841199168892847
anticipate	1,0,0.0001725476662928134,7.420599584446424e-05
anyhow	2,0,0.0002588214994392201,7.420599584446424e-05
anyone	2,1,0.0002588214994392201,0.00014841199168892847
anything	3,7,0.0003450953325856268,0.0005936479667557139
anyway	1,1,0.0001725476662928134,0.00014841199168892847
anz	0,2,8.62738331464067e-05,0.0002226179875333927
apachi	1,0,0.0001725476662928134,7.420599584446424e-05
apart	0,2,8.62738331464067e-05,0.0002226179875333927
apollo	1,0,0.0001725476662928134,7.420599584446424e-05
apparently	1,1,0.0001725476662928134,0.00014841199168892847
appearance	1,1,0.0001725476662928134,0.00014841199168892847
appetite	0,2,8.62738331464067e-05,0.0002226179875333927
application	0,4,8.62738331464067e-05,0.00037102997922232116
appreciated	0,1,8.62738331464067e-05,0.00014841199168892847
approval	0,1,8.62738331464067e-05,0.00014841199168892847
aqmd	2,0,0.0002588214994392201,7.420599584446424e-05
arcy	7,0,0.0006901906651712536,7.420599584446424e-05
areas	2,0,0.0002588214994392201,7.420599584446424e-05
aren	0,1,8.62738331464067e-05,0.00014841199168892847
arm	1,0,0.0001725476662928134,7.420599584446424e-05
armstrong	2,0,0.0002588214994392201,7.420599584446424e-05
arranged	0,1,8.62738331464067e-05,0.00014841199168892847
arrangement	2,0,0.0002588214994392201,7.420599584446424e-05
arthur	0,1,8.62738331464067e-05,0.00014841199168892847
article	0,3,8.62738331464067e-05,0.00029682398337785694
as	54,39,0.004745060823052368,0.0029682398337785693
ascii	0,1,8.62738331464067e-05,0.00014841199168892847
aside	0,2,8.62738331464067e-05,0.0002226179875333927
asks	0,1,8.62738331464067e-05,0.00014841199168892847
assay	0,1,8.62738331464067e-05,0.00014841199168892847
assets	11,1,0.0010352859977568803,0.00014841199168892847
assistance	2,4,0.0002588214994392201,0.00037102997922232116
assistant	2,0,0.0002588214994392201,7.420599584446424e-05
associate	1,0,0.0001725476662928134,7.420599584446424e-05
association	1,0,0.0001725476662928134,7.420599584446424e-05
assure	3,0,0.0003450953325856268,7.420599584446424e-05
asthma	0,1,8.62738331464067e-05,0.00014841199168892847
ate	1,2,0.0001725476662928134,0.0002226179875333927
attached	6,0,0.0006039168320248468,7.420599584446424e-05
attempt	1,0,0.0001725476662928134,7.420599584446424e-05
attitudinal	0,1,8.62738331464067e-05,0.00014841199168892847
attl	1,0,0.0001725476662928134,7.420599584446424e-05
attractive	1,1,0.0001725476662928134,0.00014841199168892847
attributable	0,1,8.62738331464067e-05,0.00014841199168892847
audience	2,7,0.0002588214994392201,0.0005936479667557139
audio	0,2,8.62738331464067e-05,0.0002226179875333927
australian	0,3,8.62738331464067e-05,0.00029682398337785694
authenticity	0,1,8.62738331464067e-05,0.00014841199168892847
author	0,2,8.62738331464067e-05,0.0002226179875333927
authority	1,0,0.0001725476662928134,7.420599584446424e-05
automobile	0,1,8.62738331464067e-05,0.00014841199168892847
available	12,9,0.001121559830903287,0.0007420599584446423
average	0,3,8.62738331464067e-05,0.00029682398337785694
away	4,5,0.0004313691657320335,0.0004452359750667854
ay	0,1,8.62738331464067e-05,0.00014841199168892847
azepam	0,1,8.62738331464067e-05,0.00014841199168892847
b	13,3,0.0012078336640496937,0.00029682398337785694
bachelors	0,1,8.62738331464067e-05,0.00014841199168892847
back	5,16,0.0005176429988784402,0.0012615019293558919
bacon	0,1,8.62738331464067e-05,0.00014841199168892847
bacterial	0,1,8.62738331464067e-05,0.00014841199168892847
bailout	7,0,0.0006901906651712536,7.420599584446424e-05
balance	0,1,8.62738331464067e-05,0.00014841199168892847
bankruptcy	12,2,0.001121559830903287,0.0002226179875333927
bargaain	0,1,8.62738331464067e-05,0.00014841199168892847
barney	3,0,0.0003450953325856268,7.420599584446424e-05
barrier	0,2,8.62738331464067e-05,0.0002226179875333927
barrow	1,0,0.0001725476662928134,7.420599584446424e-05
basis	1,3,0.0001725476662928134,0.00029682398337785694
baskets	5,0,0.0005176429988784402,7.420599584446424e-05
bawled	0,1,8.62738331464067e-05,0.00014841199168892847
bazzd	0,1,8.62738331464067e-05,0.00014841199168892847
bc	1,0,0.0001725476662928134,7.420599584446424e-05
bcli	1,0,0.0001725476662928134,7.420599584446424e-05
beans	0,1,8.62738331464067e-05,0.00014841199168892847
bear	2,1,0.0002588214994392201,0.00014841199168892847
beca	0,1,8.62738331464067e-05,0.00014841199168892847
became	0,4,8.62738331464067e-05,0.00037102997922232116
because	2,12,0.0002588214994392201,0.000964677945978035
bed	0,1,8.62738331464067e-05,0.00014841199168892847
been	25,8,0.002243119661806574,0.0006678539626001781
began	2,4,0.0002588214994392201,0.00037102997922232116
begins	0,1,8.62738331464067e-05,0.00014841199168892847
belongs	0,2,8.62738331464067e-05,0.0002226179875333927
benefits	3,8,0.0003450953325856268,0.0006678539626001781
benewm	1,0,0.0001725476662928134,7.420599584446424e-05
bennett	1,0,0.0001725476662928134,7.420599584446424e-05
berkovitz	2,0,0.0002588214994392201,7.420599584446424e-05
bernice	1,0,0.0001725476662928134,7.420599584446424e-05
bestwaytoshop	0,1,8.62738331464067e-05,0.00014841199168892847
between	2,2,0.0002588214994392201,0.0002226179875333927
beyond	3,0,0.0003450953325856268,7.420599584446424e-05
bgmlm	0,1,8.62738331464067e-05,0.00014841199168892847
bharat	1,0,0.0001725476662928134,7.420599584446424e-05
bill	3,2,0.0003450953325856268,0.0002226179875333927
billed	0,2,8.62738331464067e-05,0.0002226179875333927
bjwl	0,1,8.62738331464067e-05,0.00014841199168892847
blainey	0,1,8.62738331464067e-05,0.00014841199168892847
blong	1,0,0.0001725476662928134,7.420599584446424e-05
blows	1,0,0.0001725476662928134,7.420599584446424e-05
blues	1,0,0.0001725476662928134,7.420599584446424e-05
bolnisi	0,1,8.62738331464067e-05,0.00014841199168892847
bond	0,1,8.62738331464067e-05,0.00014841199168892847
bondholders	1,0,0.0001725476662928134,7.420599584446424e-05
bonnard	1,0,0.0001725476662928134,7.420599584446424e-05
bonus	0,5,8.62738331464067e-05,0.0004452359750667854
bonuses	0,4,8.62738331464067e-05,0.00037102997922232116
books	0,2,8.62738331464067e-05,0.0002226179875333927
boost	0,1,8.62738331464067e-05,0.00014841199168892847
boots	1,0,0.0001725476662928134,7.420599584446424e-05
borlan	1,0,0.0001725476662928134,7.420599584446424e-05
bother	0,1,8.62738331464067e-05,0.00014841199168892847
bound	0,2,8.62738331464067e-05,0.0002226179875333927
box	0,17,8.62738331464067e-05,0.0013357079252003562
boxes	1,0,0.0001725476662928134,7.420599584446424e-05
br	2,0,0.0002588214994392201,7.420599584446424e-05
bradford	1,0,0.0001725476662928134,7.420599584446424e-05
brazil	8,0,0.0007764644983176603,7.420599584446424e-05
brazilian	4,0,0.0004313691657320335,7.420599584446424e-05
breakthrough	1,0,0.0001725476662928134,7.420599584446424e-05
breathe	0,2,8.62738331464067e-05,0.0002226179875333927
brenda	1,0,0.0001725476662928134,7.420599584446424e-05
brennan	1,0,0.0001725476662928134,7.420599584446424e-05
brent	1,1,0.0001725476662928134,0.00014841199168892847
brett	3,0,0.0003450953325856268,7.420599584446424e-05
brian	1,0,0.0001725476662928134,7.420599584446424e-05
bring	1,0,0.0001725476662928134,7.420599584446424e-05
brutal	0,1,8.62738331464067e-05,0.00014841199168892847
buka	0,2,8.62738331464067e-05,0.0002226179875333927
bull	0,1,8.62738331464067e-05,0.00014841199168892847
burst	0,1,8.62738331464067e-05,0.00014841199168892847
busines	0,1,8.62738331464067e-05,0.00014841199168892847
button	0,1,8.62738331464067e-05,0.00014841199168892847
bye	0,1,8.62738331464067e-05,0.00014841199168892847
canadian	1,0,0.0001725476662928134,7.420599584446424e-05
canary	0,1,8.62738331464067e-05,0.00014841199168892847
cancel	0,1,8.62738331464067e-05,0.00014841199168892847
capability	2,0,0.0002588214994392201,7.420599584446424e-05
capital	3,0,0.0003450953325856268,7.420599584446424e-05
capitalisation	0,1,8.62738331464067e-05,0.00014841199168892847
card	0,5,8.62738331464067e-05,0.0004452359750667854
cargill	2,0,0.0002588214994392201,7.420599584446424e-05
carlos	5,0,0.0005176429988784402,7.420599584446424e-05
carry	0,1,8.62738331464067e-05,0.00014841199168892847
cars	0,4,8.62738331464067e-05,0.00037102997922232116
cases	0,2,8.62738331464067e-05,0.0002226179875333927
cashpo	0,2,8.62738331464067e-05,0.0002226179875333927
cashpromotions	0,3,8.62738331464067e-05,0.00029682398337785694
casinos	0,1,8.62738331464067e-05,0.00014841199168892847
catalog	0,3,8.62738331464067e-05,0.00029682398337785694
caused	0,1,8.62738331464067e-05,0.00014841199168892847
causey	5,0,0.0005176429988784402,7.420599584446424e-05
ccprod	0,2,8.62738331464067e-05,0.0002226179875333927
cede	1,0,0.0001725476662928134,7.420599584446424e-05
celebrate	1,0,0.0001725476662928134,7.420599584446424e-05
celebration	1,1,0.0001725476662928134,0.00014841199168892847
cell	1,0,0.0001725476662928134,7.420599584446424e-05
center	3,8,0.0003450953325856268,0.0006678539626001781
certainly	0,2,8.62738331464067e-05,0.0002226179875333927
challenges	1,0,0.0001725476662928134,7.420599584446424e-05
challenging	1,0,0.0001725476662928134,7.420599584446424e-05
chances	0,2,8.62738331464067e-05,0.0002226179875333927
change	7,5,0.0006901906651712536,0.0004452359750667854
chapman	2,0,0.0002588214994392201,7.420599584446424e-05
charlie	1,0,0.0001725476662928134,7.420599584446424e-05
charset	0,9,8.62738331464067e-05,0.0007420599584446423
chart	1,0,0.0001725476662928134,7.420599584446424e-05
cheaep	0,1,8.62738331464067e-05,0.00014841199168892847
cheeap	0,1,8.62738331464067e-05,0.00014841199168892847
chill	1,0,0.0001725476662928134,7.420599584446424e-05
china	0,3,8.62738331464067e-05,0.00029682398337785694
chirano	0,4,8.62738331464067e-05,0.00037102997922232116
choose	0,4,8.62738331464067e-05,0.00037102997922232116
christi	1,0,0.0001725476662928134,7.420599584446424e-05
christmas	20,0,0.0018117504960745406,7.420599584446424e-05
cialis	0,2,8.62738331464067e-05,0.0002226179875333927
claiis	0,1,8.62738331464067e-05,0.00014841199168892847
claim	0,2,8.62738331464067e-05,0.0002226179875333927
click	1,31,0.0001725476662928134,0.0023745918670228555
clicking	0,1,8.62738331464067e-05,0.00014841199168892847
cliffhanger	0,2,8.62738331464067e-05,0.0002226179875333927
clips	1,0,0.0001725476662928134,7.420599584446424e-05
clon	0,1,8.62738331464067e-05,0.00014841199168892847
club	0,1,8.62738331464067e-05,0.00014841199168892847
cobalt	0,1,8.62738331464067e-05,0.00014841199168892847
cochilco	0,1,8.62738331464067e-05,0.00014841199168892847
coe	4,0,0.0004313691657320335,7.420599584446424e-05
collaborate	2,0,0.0002588214994392201,7.420599584446424e-05
college	0,3,8.62738331464067e-05,0.00029682398337785694
colliw	1,0,0.0001725476662928134,7.420599584446424e-05
comhttp	0,1,8.62738331464067e-05,0.00014841199168892847
commence	1,0,0.0001725476662928134,7.420599584446424e-05
commercial	16,2,0.001466655163488914,0.0002226179875333927
commodities	0,1,8.62738331464067e-05,0.00014841199168892847
companies	2,3,0.0002588214994392201,0.00029682398337785694
compare	0,5,8.62738331464067e-05,0.0004452359750667854
competitive	0,1,8.62738331464067e-05,0.00014841199168892847
complete	0,3,8.62738331464067e-05,0.00029682398337785694
completion	3,0,0.0003450953325856268,7.420599584446424e-05
complicated	0,1,8.62738331464067e-05,0.00014841199168892847
complimentary	0,1,8.62738331464067e-05,0.00014841199168892847
components	0,1,8.62738331464067e-05,0.00014841199168892847
concealed	0,2,8.62738331464067e-05,0.0002226179875333927
conduct	2,0,0.0002588214994392201,7.420599584446424e-05
conductor	0,1,8.62738331464067e-05,0.00014841199168892847
configuration	0,1,8.62738331464067e-05,0.00014841199168892847
confirmation	1,1,0.0001725476662928134,0.00014841199168892847
connective	0,1,8.62738331464067e-05,0.00014841199168892847
consciously	0,1,8.62738331464067e-05,0.00014841199168892847
constantly	0,1,8.62738331464067e-05,0.00014841199168892847
consternation	0,1,8.62738331464067e-05,0.00014841199168892847
contacts	1,0,0.0001725476662928134,7.420599584446424e-05
contains	0,3,8.62738331464067e-05,0.00029682398337785694
continue	10,4,0.0009490121646104736,0.00037102997922232116
contracts	11,1,0.0010352859977568803,0.00014841199168892847
controls	4,0,0.0004313691657320335,7.420599584446424e-05
cook	3,0,0.0003450953325856268,7.420599584446424e-05
cooler	1,0,0.0001725476662928134,7.420599584446424e-05
cooperation	3,0,0.0003450953325856268,7.420599584446424e-05
coordinate	4,0,0.0004313691657320335,7.420599584446424e-05
coordination	2,0,0.0002588214994392201,7.420599584446424e-05
copy	0,12,8.62738331464067e-05,0.000964677945978035
copying	1,0,0.0001725476662928134,7.420599584446424e-05
corel	0,4,8.62738331464067e-05,0.00037102997922232116
counterparty	2,0,0.0002588214994392201,7.420599584446424e-05
country	4,10,0.0004313691657320335,0.0008162659542891065
court	3,0,0.0003450953325856268,7.420599584446424e-05
cpm	0,4,8.62738331464067e-05,0.00037102997922232116
craig	1,0,0.0001725476662928134,7.420599584446424e-05
crank	1,0,0.0001725476662928134,7.420599584446424e-05
cre	0,1,8.62738331464067e-05,0.00014841199168892847
created	4,1,0.0004313691657320335,0.00014841199168892847
creates	0,2,8.62738331464067e-05,0.0002226179875333927
creating	0,2,8.62738331464067e-05,0.0002226179875333927
credibility	0,1,8.62738331464067e-05,0.00014841199168892847
credit	4,13,0.0004313691657320335,0.0010388839418224993
creditor	1,0,0.0001725476662928134,7.420599584446424e-05
crespigny	0,2,8.62738331464067e-05,0.0002226179875333927
crest	0,1,8.62738331464067e-05,0.00014841199168892847
crooked	0,1,8.62738331464067e-05,0.00014841199168892847
cross	3,0,0.0003450953325856268,7.420599584446424e-05
crystal	0,2,8.62738331464067e-05,0.0002226179875333927
ctise	1,0,0.0001725476662928134,7.420599584446424e-05
cure	0,1,8.62738331464067e-05,0.00014841199168892847
cushion	0,1,8.62738331464067e-05,0.00014841199168892847
customizable	0,1,8.62738331464067e-05,0.00014841199168892847
cyberopps	0,1,8.62738331464067e-05,0.00014841199168892847
cynthia	1,0,0.0001725476662928134,7.420599584446424e-05
damages	0,1,8.62738331464067e-05,0.00014841199168892847
damned	0,1,8.62738331464067e-05,0.00014841199168892847
damorganjr	0,1,8.62738331464067e-05,0.00014841199168892847
dana	1,0,0.0001725476662928134,7.420599584446424e-05
dangerous	0,1,8.62738331464067e-05,0.00014841199168892847
danielle	0,2,8.62738331464067e-05,0.0002226179875333927
database	1,0,0.0001725476662928134,7.420599584446424e-05
dave	6,0,0.0006039168320248468,7.420599584446424e-05
davidyi	1,0,0.0001725476662928134,7.420599584446424e-05
daytime	0,2,8.62738331464067e-05,0.0002226179875333927
deals	3,0,0.0003450953325856268,7.420599584446424e-05
death	0,3,8.62738331464067e-05,0.00029682398337785694
debts	3,0,0.0003450953325856268,7.420599584446424e-05
deeper	0,1,8.62738331464067e-05,0.00014841199168892847
defeat	1,0,0.0001725476662928134,7.420599584446424e-05
defined	0,1,8.62738331464067e-05,0.00014841199168892847
delayed	2,0,0.0002588214994392201,7.420599584446424e-05
demand	2,0,0.0002588214994392201,7.420599584446424e-05
democrats	3,0,0.0003450953325856268,7.420599584446424e-05
demonstrate	2,0,0.0002588214994392201,7.420599584446424e-05
denied	1,0,0.0001725476662928134,7.420599584446424e-05
dennis	1,2,0.0001725476662928134,0.0002226179875333927
derivatives	2,0,0.0002588214994392201,7.420599584446424e-05
desert	0,1,8.62738331464067e-05,0.00014841199168892847
designs	0,4,8.62738331464067e-05,0.00037102997922232116
despise	0,1,8.62738331464067e-05,0.00014841199168892847
detract	0,1,8.62738331464067e-05,0.00014841199168892847
development	14,1,0.0012941074971961003,0.00014841199168892847
dial	1,1,0.0001725476662928134,0.00014841199168892847
dicine	0,1,8.62738331464067e-05,0.00014841199168892847
dictate	0,1,8.62738331464067e-05,0.00014841199168892847
did	4,4,0.0004313691657320335,0.00037102997922232116
digital	0,1,8.62738331464067e-05,0.00014841199168892847
digression	0,1,8.62738331464067e-05,0.00014841199168892847
diligence	0,1,8.62738331464067e-05,0.00014841199168892847
direct	2,0,0.0002588214994392201,7.420599584446424e-05
directed	0,1,8.62738331464067e-05,0.00014841199168892847
directing	1,0,0.0001725476662928134,7.420599584446424e-05
directions	1,1,0.0001725476662928134,0.00014841199168892847
director	2,2,0.0002588214994392201,0.0002226179875333927
dirtier	1,0,0.0001725476662928134,7.420599584446424e-05
discounnt	0,1,8.62738331464067e-05,0.00014841199168892847
discover	0,2,8.62738331464067e-05,0.0002226179875333927
discretion	1,0,0.0001725476662928134,7.420599584446424e-05
disease	0,1,8.62738331464067e-05,0.00014841199168892847
dismissed	1,0,0.0001725476662928134,7.420599584446424e-05
disordersclump	0,1,8.62738331464067e-05,0.00014841199168892847
displayed	0,1,8.62738331464067e-05,0.00014841199168892847
distributed	1,0,0.0001725476662928134,7.420599584446424e-05
distributions	2,0,0.0002588214994392201,7.420599584446424e-05
ditch	1,0,0.0001725476662928134,7.420599584446424e-05
division	1,0,0.0001725476662928134,7.420599584446424e-05
dnb	1,0,0.0001725476662928134,7.420599584446424e-05
documenting	2,0,0.0002588214994392201,7.420599584446424e-05
dog	1,0,0.0001725476662928134,7.420599584446424e-05
dollar	0,1,8.62738331464067e-05,0.00014841199168892847
dolls	0,1,8.62738331464067e-05,0.00014841199168892847
domain	2,1,0.0002588214994392201,0.00014841199168892847
done	6,0,0.0006039168320248468,7.420599584446424e-05
dont	0,1,8.62738331464067e-05,0.00014841199168892847
double	0,1,8.62738331464067e-05,0.00014841199168892847
doubt	0,3,8.62738331464067e-05,0.00029682398337785694
doug	1,0,0.0001725476662928134,7.420599584446424e-05
down	1,8,0.0001725476662928134,0.0006678539626001781
dozens	0,1,8.62738331464067e-05,0.00014841199168892847
dreamwaver	0,2,8.62738331464067e-05,0.0002226179875333927
drew	2,0,0.0002588214994392201,7.420599584446424e-05
drinking	0,2,8.62738331464067e-05,0.0002226179875333927
drives	1,0,0.0001725476662928134,7.420599584446424e-05
dronn	1,0,0.0001725476662928134,7.420599584446424e-05
drown	0,1,8.62738331464067e-05,0.00014841199168892847
drowning	0,1,8.62738331464067e-05,0.00014841199168892847
dryblower	0,1,8.62738331464067e-05,0.00014841199168892847
duke	3,0,0.0003450953325856268,7.420599584446424e-05
dynegy	10,0,0.0009490121646104736,7.420599584446424e-05
e	19,35,0.001725476662928134,0.0026714158504007124
each	14,8,0.0012941074971961003,0.0006678539626001781
earlier	0,2,8.62738331464067e-05,0.0002226179875333927
earn	0,6,8.62738331464067e-05,0.0005194419709112497
earning	0,1,8.62738331464067e-05,0.00014841199168892847
earths	0,1,8.62738331464067e-05,0.00014841199168892847
easily	0,4,8.62738331464067e-05,0.00037102997922232116
easy	0,12,8.62738331464067e-05,0.000964677945978035
eat	1,0,0.0001725476662928134,7.420599584446424e-05
eatables	0,1,8.62738331464067e-05,0.00014841199168892847
eating	0,2,8.62738331464067e-05,0.0002226179875333927
ebs	1,0,0.0001725476662928134,7.420599584446424e-05
economic	0,2,8.62738331464067e-05,0.0002226179875333927
edit	0,9,8.62738331464067e-05,0.0007420599584446423
editor	0,1,8.62738331464067e-05,0.00014841199168892847
edt	0,2,8.62738331464067e-05,0.0002226179875333927
ees	10,0,0.0009490121646104736,7.420599584446424e-05
efforts	2,0,0.0002588214994392201,7.420599584446424e-05
eiben	1,0,0.0001725476662928134,7.420599584446424e-05
eighty	0,1,8.62738331464067e-05,0.00014841199168892847
eileen	1,0,0.0001725476662928134,7.420599584446424e-05
either	7,2,0.0006901906651712536,0.0002226179875333927
el	2,0,0.0002588214994392201,7.420599584446424e-05
election	1,0,0.0001725476662928134,7.420599584446424e-05
eliminates	0,1,8.62738331464067e-05,0.00014841199168892847
eliminationstop	0,1,8.62738331464067e-05,0.00014841199168892847
ello	0,1,8.62738331464067e-05,0.00014841199168892847
else	0,1,8.62738331464067e-05,0.00014841199168892847
eminent	2,0,0.0002588214994392201,7.420599584446424e-05
emotional	0,1,8.62738331464067e-05,0.00014841199168892847
emphatically	0,1,8.62738331464067e-05,0.00014841199168892847
employed	2,0,0.0002588214994392201,7.420599584446424e-05
empowered	1,0,0.0001725476662928134,7.420599584446424e-05
ena	8,0,0.0007764644983176603,7.420599584446424e-05
encarta	0,1,8.62738331464067e-05,0.00014841199168892847
encoding	0,2,8.62738331464067e-05,0.0002226179875333927
encounters	0,1,8.62738331464067e-05,0.00014841199168892847
encourage	4,0,0.0004313691657320335,7.420599584446424e-05
end	9,7,0.000862738331464067,0.0005936479667557139
ending	1,1,0.0001725476662928134,0.00014841199168892847
energetic	1,0,0.0001725476662928134,7.420599584446424e-05
energy	37,2,0.0032784056595634545,0.0002226179875333927
eng	0,1,8.62738331464067e-05,0.00014841199168892847
engageenergy	1,0,0.0001725476662928134,7.420599584446424e-05
engineering	2,0,0.0002588214994392201,7.420599584446424e-05
enhance	2,0,0.0002588214994392201,7.420599584446424e-05
enter	0,5,8.62738331464067e-05,0.0004452359750667854
entered	3,3,0.0003450953325856268,0.00029682398337785694
entex	14,0,0.0012941074971961003,7.420599584446424e-05
entire	0,2,8.62738331464067e-05,0.0002226179875333927
environment	0,2,8.62738331464067e-05,0.0002226179875333927
eo	0,1,8.62738331464067e-05,0.00014841199168892847
epam	0,1,8.62738331464067e-05,0.00014841199168892847
epenergy	5,0,0.0005176429988784402,7.420599584446424e-05
er	0,2,8.62738331464067e-05,0.0002226179875333927
erroneously	1,0,0.0001725476662928134,7.420599584446424e-05
error	2,5,0.0002588214994392201,0.0004452359750667854
especially	2,1,0.0002588214994392201,0.00014841199168892847
est	1,0,0.0001725476662928134,7.420599584446424e-05
establish	2,3,0.0002588214994392201,0.00029682398337785694
established	1,1,0.0001725476662928134,0.00014841199168892847
establishes	0,1,8.62738331464067e-05,0.00014841199168892847
establishthe	0,1,8.62738331464067e-05,0.00014841199168892847
estimate	1,1,0.0001725476662928134,0.00014841199168892847
etacitne	0,1,8.62738331464067e-05,0.00014841199168892847
europe	0,1,8.62738331464067e-05,0.00014841199168892847
eventually	0,2,8.62738331464067e-05,0.0002226179875333927
ever	0,2,8.62738331464067e-05,0.0002226179875333927
exact	1,1,0.0001725476662928134,0.00014841199168892847
examination	1,0,0.0001725476662928134,7.420599584446424e-05
examine	0,2,8.62738331464067e-05,0.0002226179875333927
examples	1,0,0.0001725476662928134,7.420599584446424e-05
excerpts	0,1,8.62738331464067e-05,0.00014841199168892847
exchanges	1,0,0.0001725476662928134,7.420599584446424e-05
exchanging	1,0,0.0001725476662928134,7.420599584446424e-05
execute	1,0,0.0001725476662928134,7.420599584446424e-05
execution	1,0,0.0001725476662928134,7.420599584446424e-05
exemptions	2,0,0.0002588214994392201,7.420599584446424e-05
exhausted	0,1,8.62738331464067e-05,0.00014841199168892847
exhibit	1,3,0.0001725476662928134,0.00029682398337785694
existing	3,2,0.0003450953325856268,0.0002226179875333927
expects	3,0,0.0003450953325856268,7.420599584446424e-05
expended	1,0,0.0001725476662928134,7.420599584446424e-05
expenses	1,2,0.0001725476662928134,0.0002226179875333927
experience	14,2,0.0012941074971961003,0.0002226179875333927
expire	1,0,0.0001725476662928134,7.420599584446424e-05
exploration	0,2,8.62738331464067e-05,0.0002226179875333927
explorer	0,3,8.62738331464067e-05,0.00029682398337785694
expressway	0,1,8.62738331464067e-05,0.00014841199168892847
extension	1,0,0.0001725476662928134,7.420599584446424e-05
extra	2,3,0.0002588214994392201,0.00029682398337785694
eye	0,1,8.62738331464067e-05,0.00014841199168892847
ezine	0,4,8.62738331464067e-05,0.00037102997922232116
facelift	0,1,8.62738331464067e-05,0.00014841199168892847
facilitate	3,0,0.0003450953325856268,7.420599584446424e-05
faded	0,1,8.62738331464067e-05,0.00014841199168892847
fainted	0,1,8.62738331464067e-05,0.00014841199168892847
families	0,2,8.62738331464067e-05,0.0002226179875333927
farm	1,0,0.0001725476662928134,7.420599584446424e-05
fathers	0,1,8.62738331464067e-05,0.00014841199168892847
favor	0,1,8.62738331464067e-05,0.00014841199168892847
fe	0,1,8.62738331464067e-05,0.00014841199168892847
featured	0,2,8.62738331464067e-05,0.0002226179875333927
features	1,5,0.0001725476662928134,0.0004452359750667854
feelings	0,1,8.62738331464067e-05,0.00014841199168892847
fees	0,1,8.62738331464067e-05,0.00014841199168892847
felipe	1,0,0.0001725476662928134,7.420599584446424e-05
fell	0,2,8.62738331464067e-05,0.0002226179875333927
fh	2,0,0.0002588214994392201,7.420599584446424e-05
fifteen	0,1,8.62738331464067e-05,0.00014841199168892847
fight	0,1,8.62738331464067e-05,0.00014841199168892847
file	3,1,0.0003450953325856268,0.00014841199168892847
financing	2,2,0.0002588214994392201,0.0002226179875333927
finger	0,1,8.62738331464067e-05,0.00014841199168892847
finished	1,4,0.0001725476662928134,0.00037102997922232116
finishing	0,1,8.62738331464067e-05,0.00014841199168892847
fischer	1,0,0.0001725476662928134,7.420599584446424e-05
fit	0,1,8.62738331464067e-05,0.00014841199168892847
flight	1,0,0.0001725476662928134,7.420599584446424e-05
fln	0,1,8.62738331464067e-05,0.00014841199168892847
floe	0,1,8.62738331464067e-05,0.00014841199168892847
floods	0,1,8.62738331464067e-05,0.00014841199168892847
flow	7,1,0.0006901906651712536,0.00014841199168892847
follow	0,5,8.62738331464067e-05,0.0004452359750667854
followed	0,2,8.62738331464067e-05,0.0002226179875333927
following	13,7,0.0012078336640496937,0.0005936479667557139
fonts	0,2,8.62738331464067e-05,0.0002226179875333927
foot	1,1,0.0001725476662928134,0.00014841199168892847
force	1,3,0.0001725476662928134,0.00029682398337785694
forest	1,0,0.0001725476662928134,7.420599584446424e-05
forever	0,2,8.62738331464067e-05,0.0002226179875333927
forget	0,1,8.62738331464067e-05,0.00014841199168892847
forhome	0,1,8.62738331464067e-05,0.00014841199168892847
fork	0,2,8.62738331464067e-05,0.0002226179875333927
formal	1,0,0.0001725476662928134,7.420599584446424e-05
forms	0,1,8.62738331464067e-05,0.00014841199168892847
formula	2,0,0.0002588214994392201,7.420599584446424e-05
fort	1,0,0.0001725476662928134,7.420599584446424e-05
forthis	0,1,8.62738331464067e-05,0.00014841199168892847
founder	0,1,8.62738331464067e-05,0.00014841199168892847
fraction	0,3,8.62738331464067e-05,0.00029682398337785694
frames	0,1,8.62738331464067e-05,0.00014841199168892847
frank	1,0,0.0001725476662928134,7.420599584446424e-05
fraud	0,1,8.62738331464067e-05,0.00014841199168892847
freebie	0,2,8.62738331464067e-05,0.0002226179875333927
freepicklotto	0,1,8.62738331464067e-05,0.00014841199168892847
freeze	3,0,0.0003450953325856268,7.420599584446424e-05
frequently	0,1,8.62738331464067e-05,0.00014841199168892847
friend	0,1,8.62738331464067e-05,0.00014841199168892847
fronts	1,0,0.0001725476662928134,7.420599584446424e-05
fruit	0,1,8.62738331464067e-05,0.00014841199168892847
frustration	1,0,0.0001725476662928134,7.420599584446424e-05
ft	0,2,8.62738331464067e-05,0.0002226179875333927
fuel	0,1,8.62738331464067e-05,0.00014841199168892847
fun	3,2,0.0003450953325856268,0.0002226179875333927
fw	0,2,8.62738331464067e-05,0.0002226179875333927
game	4,0,0.0004313691657320335,7.420599584446424e-05
gee	1,0,0.0001725476662928134,7.420599584446424e-05
gemstone	0,1,8.62738331464067e-05,0.00014841199168892847
general	1,3,0.0001725476662928134,0.00029682398337785694
generalist	1,0,0.0001725476662928134,7.420599584446424e-05
generators	1,0,0.0001725476662928134,7.420599584446424e-05
geographic	3,0,0.0003450953325856268,7.420599584446424e-05
geomatics	0,1,8.62738331464067e-05,0.00014841199168892847
georgia	0,1,8.62738331464067e-05,0.00014841199168892847
get	22,32,0.001984298162367354,0.0024487978628673196
getthe	0,1,8.62738331464067e-05,0.00014841199168892847
ghz	0,1,8.62738331464067e-05,0.00014841199168892847
gis	2,0,0.0002588214994392201,7.420599584446424e-05
glen	1,0,0.0001725476662928134,7.420599584446424e-05
globe	2,0,0.0002588214994392201,7.420599584446424e-05
goage	0,1,8.62738331464067e-05,0.00014841199168892847
goal	0,1,8.62738331464067e-05,0.00014841199168892847
goatee	0,1,8.62738331464067e-05,0.00014841199168892847
god	0,2,8.62738331464067e-05,0.0002226179875333927
gold	0,13,8.62738331464067e-05,0.0010388839418224993
golnaraghi	1,0,0.0001725476662928134,7.420599584446424e-05
gone	1,1,0.0001725476662928134,0.00014841199168892847
good	10,13,0.0009490121646104736,0.0010388839418224993
goodmorning	2,0,0.0002588214994392201,7.420599584446424e-05
gov	1,0,0.0001725476662928134,7.420599584446424e-05
gra	0,2,8.62738331464067e-05,0.0002226179875333927
grabs	0,1,8.62738331464067e-05,0.00014841199168892847
grade	0,2,8.62738331464067e-05,0.0002226179875333927
gradually	1,0,0.0001725476662928134,7.420599584446424e-05
grammar	0,1,8.62738331464067e-05,0.00014841199168892847
grand	0,1,8.62738331464067e-05,0.00014841199168892847
gratis	0,1,8.62738331464067e-05,0.00014841199168892847
gravel	0,1,8.62738331464067e-05,0.00014841199168892847
greatest	0,1,8.62738331464067e-05,0.00014841199168892847
greetings	0,1,8.62738331464067e-05,0.00014841199168892847
gregory	0,1,8.62738331464067e-05,0.00014841199168892847
group	18,1,0.0016392028297817272,0.00014841199168892847
gs	1,0,0.0001725476662928134,7.420599584446424e-05
gssgeomatics	0,1,8.62738331464067e-05,0.00014841199168892847
guarantee	0,5,8.62738331464067e-05,0.0004452359750667854
guess	1,0,0.0001725476662928134,7.420599584446424e-05
guides	0,1,8.62738331464067e-05,0.00014841199168892847
gunners	0,1,8.62738331464067e-05,0.00014841199168892847
guy	1,1,0.0001725476662928134,0.00014841199168892847
h	2,5,0.0002588214994392201,0.0004452359750667854
harbour	1,0,0.0001725476662928134,7.420599584446424e-05
hardly	0,2,8.62738331464067e-05,0.0002226179875333927
hc	2,0,0.0002588214994392201,7.420599584446424e-05
headache	0,1,8.62738331464067e-05,0.00014841199168892847
headachesmerle	0,1,8.62738331464067e-05,0.00014841199168892847
headlines	0,4,8.62738331464067e-05,0.00037102997922232116
heal	1,0,0.0001725476662928134,7.420599584446424e-05
healing	0,1,8.62738331464067e-05,0.00014841199168892847
hear	1,1,0.0001725476662928134,0.00014841199168892847
hearers	0,1,8.62738331464067e-05,0.00014841199168892847
held	5,0,0.0005176429988784402,7.420599584446424e-05
help	4,11,0.0004313691657320335,0.0008904719501335708
helpdesk	1,1,0.0001725476662928134,0.00014841199168892847
helped	0,1,8.62738331464067e-05,0.00014841199168892847
helpful	2,0,0.0002588214994392201,7.420599584446424e-05
helping	0,2,8.62738331464067e-05,0.0002226179875333927
herod	1,0,0.0001725476662928134,7.420599584446424e-05
hey	1,1,0.0001725476662928134,0.00014841199168892847
hgh	0,5,8.62738331464067e-05,0.0004452359750667854
hi	1,0,0.0001725476662928134,7.420599584446424e-05
high	5,5,0.0005176429988784402,0.0004452359750667854
hje	0,1,8.62738331464067e-05,0.00014841199168892847
ho	3,0,0.0003450953325856268,7.420599584446424e-05
holiday	2,0,0.0002588214994392201,7.420599584446424e-05
home	0,18,8.62738331464067e-05,0.0014099139210448203
hope	3,2,0.0003450953325856268,0.0002226179875333927
hopkins	0,1,8.62738331464067e-05,0.00014841199168892847
horror	0,1,8.62738331464067e-05,0.00014841199168892847
host	0,1,8.62738331464067e-05,0.00014841199168892847
hosted	1,0,0.0001725476662928134,7.420599584446424e-05
hottest	0,1,8.62738331464067e-05,0.00014841199168892847
hou	203,0,0.017599861961866966,7.420599584446424e-05
hour	0,1,8.62738331464067e-05,0.00014841199168892847
house	1,0,0.0001725476662928134,7.420599584446424e-05
hr	14,0,0.0012941074971961003,7.420599584446424e-05
htm	1,0,0.0001725476662928134,7.420599584446424e-05
html	0,8,8.62738331464067e-05,0.0006678539626001781
hubs	3,0,0.0003450953325856268,7.420599584446424e-05
hulmeville	0,1,8.62738331464067e-05,0.00014841199168892847
hunter	0,2,8.62738331464067e-05,0.0002226179875333927
hurrah	0,1,8.62738331464067e-05,0.00014841199168892847
huse	1,0,0.0001725476662928134,7.420599584446424e-05
iccenergy	1,0,0.0001725476662928134,7.420599584446424e-05
icon	0,1,8.62738331464067e-05,0.00014841199168892847
ideas	3,3,0.0003450953325856268,0.00029682398337785694
identify	2,0,0.0002588214994392201,7.420599584446424e-05
idirect	0,1,8.62738331464067e-05,0.00014841199168892847
ids	1,0,0.0001725476662928134,7.420599584446424e-05
ihf	0,1,8.62738331464067e-05,0.00014841199168892847
illustrate	0,2,8.62738331464067e-05,0.0002226179875333927
illustration	0,1,8.62738331464067e-05,0.00014841199168892847
image	0,9,8.62738331464067e-05,0.0007420599584446423
imitate	0,1,8.62738331464067e-05,0.00014841199168892847
immediately	3,16,0.0003450953325856268,0.0012615019293558919
impact	3,0,0.0003450953325856268,7.420599584446424e-05
impacted	1,0,0.0001725476662928134,7.420599584446424e-05
imperial	2,0,0.0002588214994392201,7.420599584446424e-05
implement	1,0,0.0001725476662928134,7.420599584446424e-05
implementing	1,0,0.0001725476662928134,7.420599584446424e-05
impossible	0,1,8.62738331464067e-05,0.00014841199168892847
impression	0,1,8.62738331464067e-05,0.00014841199168892847
improve	0,1,8.62738331464067e-05,0.00014841199168892847
impulse	0,1,8.62738331464067e-05,0.00014841199168892847
in	160,157,0.013890087136571479,0.011724547343425349
inappropriate	0,1,8.62738331464067e-05,0.00014841199168892847
inc	9,1,0.000862738331464067,0.00014841199168892847
include	3,9,0.0003450953325856268,0.0007420599584446423
income	0,2,8.62738331464067e-05,0.0002226179875333927
increase	3,4,0.0003450953325856268,0.00037102997922232116
incredibily	0,1,8.62738331464067e-05,0.00014841199168892847
incurred	0,2,8.62738331464067e-05,0.0002226179875333927
indication	1,0,0.0001725476662928134,7.420599584446424e-05
individualized	2,0,0.0002588214994392201,7.420599584446424e-05
influence	1,1,0.0001725476662928134,0.00014841199168892847
info	3,5,0.0003450953325856268,0.0004452359750667854
information	20,35,0.0018117504960745406,0.0026714158504007124
initial	4,0,0.0004313691657320335,7.420599584446424e-05
innovative	2,0,0.0002588214994392201,7.420599584446424e-05
input	5,1,0.0005176429988784402,0.00014841199168892847
insane	0,1,8.62738331464067e-05,0.00014841199168892847
instantly	0,2,8.62738331464067e-05,0.0002226179875333927
instructs	0,1,8.62738331464067e-05,0.00014841199168892847
insurance	0,5,8.62738331464067e-05,0.0004452359750667854
insure	5,0,0.0005176429988784402,7.420599584446424e-05
intelt	0,1,8.62738331464067e-05,0.00014841199168892847
intense	1,0,0.0001725476662928134,7.420599584446424e-05
intercreditor	1,0,0.0001725476662928134,7.420599584446424e-05
interest	2,7,0.0002588214994392201,0.0005936479667557139
interested	1,7,0.0001725476662928134,0.0005936479667557139
interesting	0,1,8.62738331464067e-05,0.00014841199168892847
interfering	0,1,8.62738331464067e-05,0.00014841199168892847
international	1,2,0.0001725476662928134,0.0002226179875333927
interstate	1,0,0.0001725476662928134,7.420599584446424e-05
intervened	0,2,8.62738331464067e-05,0.0002226179875333927
intra	1,0,0.0001725476662928134,7.420599584446424e-05
intranet	3,0,0.0003450953325856268,7.420599584446424e-05
introduced	3,0,0.0003450953325856268,7.420599584446424e-05
introducing	0,1,8.62738331464067e-05,0.00014841199168892847
invest	0,2,8.62738331464067e-05,0.0002226179875333927
investor	1,0,0.0001725476662928134,7.420599584446424e-05
ion	0,1,8.62738331464067e-05,0.00014841199168892847
ipos	0,1,8.62738331464067e-05,0.00014841199168892847
ipp	1,0,0.0001725476662928134,7.420599584446424e-05
iron	0,1,8.62738331464067e-05,0.00014841199168892847
island	2,0,0.0002588214994392201,7.420599584446424e-05
isp	0,7,8.62738331464067e-05,0.0005936479667557139
issued	1,1,0.0001725476662928134,0.00014841199168892847
issues	18,1,0.0016392028297817272,0.00014841199168892847
it	30,119,0.0026744888275386076,0.008904719501335707
item	0,3,8.62738331464067e-05,0.00029682398337785694
itself	1,2,0.0001725476662928134,0.0002226179875333927
ja	1,0,0.0001725476662928134,7.420599584446424e-05
jana	0,3,8.62738331464067e-05,0.00029682398337785694
janet	1,0,0.0001725476662928134,7.420599584446424e-05
jason	5,0,0.0005176429988784402,7.420599584446424e-05
jauregui	1,0,0.0001725476662928134,7.420599584446424e-05
jim	1,2,0.0001725476662928134,0.0002226179875333927
jlopes	1,0,0.0001725476662928134,7.420599584446424e-05
jm	0,4,8.62738331464067e-05,0.00037102997922232116
joao	2,0,0.0002588214994392201,7.420599584446424e-05
johannesburg	0,2,8.62738331464067e-05,0.0002226179875333927
john	16,0,0.001466655163488914,7.420599584446424e-05
johnny	0,2,8.62738331464067e-05,0.0002226179875333927
josey	3,0,0.0003450953325856268,7.420599584446424e-05
jpxdltmuk	0,1,8.62738331464067e-05,0.00014841199168892847
jshorter	1,0,0.0001725476662928134,7.420599584446424e-05
judgments	0,1,8.62738331464067e-05,0.00014841199168892847
july	1,0,0.0001725476662928134,7.420599584446424e-05
june	7,4,0.0006901906651712536,0.00037102997922232116
junk	0,2,8.62738331464067e-05,0.0002226179875333927
justperform	0,1,8.62738331464067e-05,0.00014841199168892847
k	0,3,8.62738331464067e-05,0.00029682398337785694
kaolin	0,1,8.62738331464067e-05,0.00014841199168892847
katamail	0,1,8.62738331464067e-05,0.00014841199168892847
kelly	1,0,0.0001725476662928134,7.420599584446424e-05
key	7,0,0.0006901906651712536,7.420599584446424e-05
kfbtyra	0,1,8.62738331464067e-05,0.00014841199168892847
killed	0,2,8.62738331464067e-05,0.0002226179875333927
kimberly	4,0,0.0004313691657320335,7.420599584446424e-05
kind	2,3,0.0002588214994392201,0.00029682398337785694
king	5,0,0.0005176429988784402,7.420599584446424e-05
kish	1,0,0.0001725476662928134,7.420599584446424e-05
knelt	0,1,8.62738331464067e-05,0.00014841199168892847
knew	1,2,0.0001725476662928134,0.0002226179875333927
knives	0,1,8.62738331464067e-05,0.00014841199168892847
known	0,2,8.62738331464067e-05,0.0002226179875333927
korea	0,1,8.62738331464067e-05,0.00014841199168892847
kri	1,0,0.0001725476662928134,7.420599584446424e-05
krill	1,0,0.0001725476662928134,7.420599584446424e-05
krishna	1,0,0.0001725476662928134,7.420599584446424e-05
kyle	1,0,0.0001725476662928134,7.420599584446424e-05
label	2,0,0.0002588214994392201,7.420599584446424e-05
language	0,3,8.62738331464067e-05,0.00029682398337785694
larry	1,0,0.0001725476662928134,7.420599584446424e-05
lasts	0,1,8.62738331464067e-05,0.00014841199168892847
late	3,2,0.0003450953325856268,0.0002226179875333927
later	6,3,0.0006039168320248468,0.00029682398337785694
latin	1,0,0.0001725476662928134,7.420599584446424e-05
launch	0,2,8.62738331464067e-05,0.0002226179875333927
lavorato	4,0,0.0004313691657320335,7.420599584446424e-05
lawn	1,2,0.0001725476662928134,0.0002226179875333927
layouts	0,1,8.62738331464067e-05,0.00014841199168892847
leads	0,5,8.62738331464067e-05,0.0004452359750667854
learn	3,1,0.0003450953325856268,0.00014841199168892847
learned	0,2,8.62738331464067e-05,0.0002226179875333927
learning	2,1,0.0002588214994392201,0.00014841199168892847
lets	0,1,8.62738331464067e-05,0.00014841199168892847
letter	0,27,8.62738331464067e-05,0.0020777678836449986
level	2,2,0.0002588214994392201,0.0002226179875333927
licensing	0,1,8.62738331464067e-05,0.00014841199168892847
life	1,10,0.0001725476662928134,0.0008162659542891065
lift	1,0,0.0001725476662928134,7.420599584446424e-05
lifted	0,1,8.62738331464067e-05,0.00014841199168892847
liked	0,1,8.62738331464067e-05,0.00014841199168892847
likely	7,0,0.0006901906651712536,7.420599584446424e-05
likes	0,1,8.62738331464067e-05,0.00014841199168892847
lin	6,0,0.0006039168320248468,7.420599584446424e-05
lines	0,1,8.62738331464067e-05,0.00014841199168892847
links	0,22,8.62738331464067e-05,0.0017067379044226774
lips	0,1,8.62738331464067e-05,0.00014841199168892847
lisa	1,1,0.0001725476662928134,0.00014841199168892847
listinfo	0,2,8.62738331464067e-05,0.0002226179875333927
lit	0,1,8.62738331464067e-05,0.00014841199168892847
litteneker	1,0,0.0001725476662928134,7.420599584446424e-05
liz	1,0,0.0001725476662928134,7.420599584446424e-05
lobby	1,0,0.0001725476662928134,7.420599584446424e-05
locally	0,2,8.62738331464067e-05,0.0002226179875333927
locals	0,1,8.62738331464067e-05,0.00014841199168892847
location	8,0,0.0007764644983176603,7.420599584446424e-05
lock	2,0,0.0002588214994392201,7.420599584446424e-05
loft	0,1,8.62738331464067e-05,0.00014841199168892847
london	3,1,0.0003450953325856268,0.00014841199168892847
longer	0,2,8.62738331464067e-05,0.0002226179875333927
look	3,9,0.0003450953325856268,0.0007420599584446423
looking	0,4,8.62738331464067e-05,0.00037102997922232116
loosening	1,0,0.0001725476662928134,7.420599584446424e-05
loss	0,1,8.62738331464067e-05,0.00014841199168892847
lot	5,4,0.0005176429988784402,0.00037102997922232116
low	2,6,0.0002588214994392201,0.0005194419709112497
loyal	0,2,8.62738331464067e-05,0.0002226179875333927
luck	2,0,0.0002588214994392201,7.420599584446424e-05
lynch	1,0,0.0001725476662928134,7.420599584446424e-05
lynda	1,0,0.0001725476662928134,7.420599584446424e-05
ma	0,1,8.62738331464067e-05,0.00014841199168892847
machine	0,1,8.62738331464067e-05,0.00014841199168892847
made	6,5,0.0006039168320248468,0.0004452359750667854
magellan	0,1,8.62738331464067e-05,0.00014841199168892847
maidens	0,1,8.62738331464067e-05,0.00014841199168892847
mail	9,17,0.000862738331464067,0.0013357079252003562
mailing	0,3,8.62738331464067e-05,0.00029682398337785694
malina	4,0,0.0004313691657320335,7.420599584446424e-05
manage	2,1,0.0002588214994392201,0.00014841199168892847
manager	7,0,0.0006901906651712536,7.420599584446424e-05
mandated	0,1,8.62738331464067e-05,0.00014841199168892847
manual	0,2,8.62738331464067e-05,0.0002226179875333927
many	3,13,0.0003450953325856268,0.0010388839418224993
market	9,3,0.000862738331464067,0.00029682398337785694
marketers	0,1,8.62738331464067e-05,0.00014841199168892847
marketing	6,8,0.0006039168320248468,0.0006678539626001781
maryam	1,0,0.0001725476662928134,7.420599584446424e-05
materials	2,0,0.0002588214994392201,7.420599584446424e-05
matter	2,2,0.0002588214994392201,0.0002226179875333927
maureen	5,0,0.0005176429988784402,7.420599584446424e-05
mayerbrown	1,0,0.0001725476662928134,7.420599584446424e-05
mcosta	1,0,0.0001725476662928134,7.420599584446424e-05
meant	1,0,0.0001725476662928134,7.420599584446424e-05
measuring	2,0,0.0002588214994392201,7.420599584446424e-05
media	0,1,8.62738331464067e-05,0.00014841199168892847
medical	0,1,8.62738331464067e-05,0.00014841199168892847
meetings	4,1,0.0004313691657320335,0.00014841199168892847
member	0,15,8.62738331464067e-05,0.0011872959335114278
memory	0,3,8.62738331464067e-05,0.00029682398337785694
men	0,4,8.62738331464067e-05,0.00037102997922232116
mental	0,1,8.62738331464067e-05,0.00014841199168892847
merchants	1,0,0.0001725476662928134,7.420599584446424e-05
meters	3,0,0.0003450953325856268,7.420599584446424e-05
method	1,0,0.0001725476662928134,7.420599584446424e-05
mg	0,2,8.62738331464067e-05,0.0002226179875333927
micros	0,2,8.62738331464067e-05,0.0002226179875333927
mid	2,1,0.0002588214994392201,0.00014841199168892847
mike	11,0,0.0010352859977568803,7.420599584446424e-05
mild	0,2,8.62738331464067e-05,0.0002226179875333927
minds	0,1,8.62738331464067e-05,0.00014841199168892847
mine	0,3,8.62738331464067e-05,0.00029682398337785694
minimize	1,0,0.0001725476662928134,7.420599584446424e-05
minimum	1,1,0.0001725476662928134,0.00014841199168892847
minutes	0,3,8.62738331464067e-05,0.00029682398337785694
missss	0,1,8.62738331464067e-05,0.00014841199168892847
mixture	1,0,0.0001725476662928134,7.420599584446424e-05
mm	1,0,0.0001725476662928134,7.420599584446424e-05
mobile	1,0,0.0001725476662928134,7.420599584446424e-05
modem	0,1,8.62738331464067e-05,0.00014841199168892847
modules	4,0,0.0004313691657320335,7.420599584446424e-05
moment	0,2,8.62738331464067e-05,0.0002226179875333927
monadic	0,1,8.62738331464067e-05,0.00014841199168892847
mongolia	0,1,8.62738331464067e-05,0.00014841199168892847
monitor	0,1,8.62738331464067e-05,0.00014841199168892847
monthly	0,2,8.62738331464067e-05,0.0002226179875333927
months	5,0,0.0005176429988784402,7.420599584446424e-05
mood	0,1,8.62738331464067e-05,0.00014841199168892847
morayt	0,1,8.62738331464067e-05,0.00014841199168892847
morne	0,1,8.62738331464067e-05,0.00014841199168892847
morris	3,0,0.0003450953325856268,7.420599584446424e-05
mortgage	0,1,8.62738331464067e-05,0.00014841199168892847
mossel	0,1,8.62738331464067e-05,0.00014841199168892847
mostly	0,1,8.62738331464067e-05,0.00014841199168892847
motero	0,1,8.62738331464067e-05,0.00014841199168892847
mounted	0,1,8.62738331464067e-05,0.00014841199168892847
moved	1,1,0.0001725476662928134,0.00014841199168892847
movement	2,0,0.0002588214994392201,7.420599584446424e-05
moves	0,1,8.62738331464067e-05,0.00014841199168892847
moving	3,1,0.0003450953325856268,0.00014841199168892847
mower	0,1,8.62738331464067e-05,0.00014841199168892847
mpkemyrxlpq	0,1,8.62738331464067e-05,0.00014841199168892847
mrs	0,8,8.62738331464067e-05,0.0006678539626001781
ms	0,10,8.62738331464067e-05,0.0008162659542891065
mscf	1,0,0.0001725476662928134,7.420599584446424e-05
multilanguage	0,1,8.62738331464067e-05,0.00014841199168892847
murmur	0,1,8.62738331464067e-05,0.00014841199168892847
murphy	1,0,0.0001725476662928134,7.420599584446424e-05
music	1,0,0.0001725476662928134,7.420599584446424e-05
my	37,49,0.0032784056595634545,0.0037102997922232117
myers	1,0,0.0001725476662928134,7.420599584446424e-05
myself	0,1,8.62738331464067e-05,0.00014841199168892847
myshoppingplace	0,3,8.62738331464067e-05,0.00029682398337785694
n	1,8,0.0001725476662928134,0.0006678539626001781
naked	0,1,8.62738331464067e-05,0.00014841199168892847
neal	1,0,0.0001725476662928134,7.420599584446424e-05
near	5,1,0.0005176429988784402,0.00014841199168892847
needs	6,3,0.0006039168320248468,0.00029682398337785694
negative	1,0,0.0001725476662928134,7.420599584446424e-05
nepco	1,0,0.0001725476662928134,7.420599584446424e-05
netnoteinc	0,4,8.62738331464067e-05,0.00037102997922232116
networks	5,1,0.0005176429988784402,0.00014841199168892847
neyeded	0,1,8.62738331464067e-05,0.00014841199168892847
nguyen	3,0,0.0003450953325856268,7.420599584446424e-05
nigel	1,0,0.0001725476662928134,7.420599584446424e-05
nightgear	0,1,8.62738331464067e-05,0.00014841199168892847
niles	3,0,0.0003450953325856268,7.420599584446424e-05
no	11,28,0.0010352859977568803,0.0021519738794894628
noah	0,1,8.62738331464067e-05,0.00014841199168892847
nominated	4,0,0.0004313691657320335,7.420599584446424e-05
nominations	1,0,0.0001725476662928134,7.420599584446424e-05
normally	0,1,8.62738331464067e-05,0.00014841199168892847
notify	2,0,0.0002588214994392201,7.420599584446424e-05
notis	2,0,0.0002588214994392201,7.420599584446424e-05
novel	0,1,8.62738331464067e-05,0.00014841199168892847
nox	0,1,8.62738331464067e-05,0.00014841199168892847
numbers	4,2,0.0004313691657320335,0.0002226179875333927
oblibgat	0,1,8.62738331464067e-05,0.00014841199168892847
obligation	0,2,8.62738331464067e-05,0.0002226179875333927
obviously	0,2,8.62738331464067e-05,0.0002226179875333927
oconan	0,2,8.62738331464067e-05,0.0002226179875333927
offer	2,19,0.0002588214994392201,0.0014841199168892847
offered	0,3,8.62738331464067e-05,0.00029682398337785694
offering	0,6,8.62738331464067e-05,0.0005194419709112497
office	12,11,0.001121559830903287,0.0008904719501335708
officer	2,0,0.0002588214994392201,7.420599584446424e-05
officially	3,0,0.0003450953325856268,7.420599584446424e-05
offsite	2,0,0.0002588214994392201,7.420599584446424e-05
oh	1,1,0.0001725476662928134,0.00014841199168892847
ok	0,3,8.62738331464067e-05,0.00029682398337785694
omaha	0,1,8.62738331464067e-05,0.00014841199168892847
omission	1,0,0.0001725476662928134,7.420599584446424e-05
on	122,95,0.010611681477008023,0.007123775601068566
onerous	0,1,8.62738331464067e-05,0.00014841199168892847
open	5,2,0.0005176429988784402,0.0002226179875333927
opening	2,1,0.0002588214994392201,0.00014841199168892847
operate	0,1,8.62738331464067e-05,0.00014841199168892847
operation	0,2,8.62738331464067e-05,0.0002226179875333927
opinion	2,1,0.0002588214994392201,0.00014841199168892847
opportunities	5,1,0.0005176429988784402,0.00014841199168892847
option	0,1,8.62738331464067e-05,0.00014841199168892847
ore	0,2,8.62738331464067e-05,0.0002226179875333927
organization	6,0,0.0006039168320248468,7.420599584446424e-05
organize	2,0,0.0002588214994392201,7.420599584446424e-05
originally	1,0,0.0001725476662928134,7.420599584446424e-05
origination	1,0,0.0001725476662928134,7.420599584446424e-05
orrick	1,0,0.0001725476662928134,7.420599584446424e-05
osman	4,0,0.0004313691657320335,7.420599584446424e-05
otc	1,0,0.0001725476662928134,7.420599584446424e-05
otherwise	1,0,0.0001725476662928134,7.420599584446424e-05
ounces	0,1,8.62738331464067e-05,0.00014841199168892847
out	24,34,0.0021568458286601675,0.0025972098545562483
oversee	2,0,0.0002588214994392201,7.420599584446424e-05
owns	1,0,0.0001725476662928134,7.420599584446424e-05
paces	0,1,8.62738331464067e-05,0.00014841199168892847
pacific	1,1,0.0001725476662928134,0.00014841199168892847
package	4,0,0.0004313691657320335,7.420599584446424e-05
padron	1,0,0.0001725476662928134,7.420599584446424e-05
page	1,20,0.0001725476662928134,0.001558325912733749
pagemaker	0,2,8.62738331464067e-05,0.0002226179875333927
painter	0,1,8.62738331464067e-05,0.00014841199168892847
palaeo	0,1,8.62738331464067e-05,0.00014841199168892847
paper	1,0,0.0001725476662928134,7.420599584446424e-05
par	0,1,8.62738331464067e-05,0.00014841199168892847
paragraph	0,6,8.62738331464067e-05,0.0005194419709112497
parallel	0,1,8.62738331464067e-05,0.00014841199168892847
participating	1,0,0.0001725476662928134,7.420599584446424e-05
partner	0,2,8.62738331464067e-05,0.0002226179875333927
parts	0,1,8.62738331464067e-05,0.00014841199168892847
party	2,1,0.0002588214994392201,0.00014841199168892847
past	2,1,0.0002588214994392201,0.00014841199168892847
patricia	4,0,0.0004313691657320335,7.420599584446424e-05
paul	0,2,8.62738331464067e-05,0.0002226179875333927
paulo	5,0,0.0005176429988784402,7.420599584446424e-05
pause	0,1,8.62738331464067e-05,0.00014841199168892847
pavluk	1,0,0.0001725476662928134,7.420599584446424e-05
payback	1,0,0.0001725476662928134,7.420599584446424e-05
payments	1,5,0.0001725476662928134,0.0004452359750667854
pcp	1,0,0.0001725476662928134,7.420599584446424e-05
pdx	1,0,0.0001725476662928134,7.420599584446424e-05
pennsylvania	0,3,8.62738331464067e-05,0.00029682398337785694
pentium	0,1,8.62738331464067e-05,0.00014841199168892847
perhaps	1,2,0.0001725476662928134,0.0002226179875333927
persists	1,0,0.0001725476662928134,7.420599584446424e-05
personally	0,1,8.62738331464067e-05,0.00014841199168892847
pg	7,0,0.0006901906651712536,7.420599584446424e-05
phases	2,0,0.0002588214994392201,7.420599584446424e-05
philadelphia	1,0,0.0001725476662928134,7.420599584446424e-05
photo	0,1,8.62738331464067e-05,0.00014841199168892847
phrases	0,3,8.62738331464067e-05,0.00029682398337785694
picture	0,4,8.62738331464067e-05,0.00037102997922232116
pierre	1,0,0.0001725476662928134,7.420599584446424e-05
pike	0,1,8.62738331464067e-05,0.00014841199168892847
pillsburywinthrop	2,0,0.0002588214994392201,7.420599584446424e-05
pilocystic	0,1,8.62738331464067e-05,0.00014841199168892847
pinion	1,0,0.0001725476662928134,7.420599584446424e-05
pinnacle	0,1,8.62738331464067e-05,0.00014841199168892847
pinnamaneni	4,0,0.0004313691657320335,7.420599584446424e-05
pipeline	3,0,0.0003450953325856268,7.420599584446424e-05
pipes	0,2,8.62738331464067e-05,0.0002226179875333927
pitchers	0,1,8.62738331464067e-05,0.00014841199168892847
placed	0,1,8.62738331464067e-05,0.00014841199168892847
placement	0,2,8.62738331464067e-05,0.0002226179875333927
places	0,1,8.62738331464067e-05,0.00014841199168892847
plans	2,0,0.0002588214994392201,7.420599584446424e-05
platform	0,2,8.62738331464067e-05,0.0002226179875333927
platte	0,1,8.62738331464067e-05,0.00014841199168892847
pleas	0,1,8.62738331464067e-05,0.00014841199168892847
pleased	1,1,0.0001725476662928134,0.00014841199168892847
plus	1,3,0.0001725476662928134,0.00029682398337785694
pm	31,3,0.0027607626606850144,0.00029682398337785694
point	8,6,0.0007764644983176603,0.0005194419709112497
policy	0,5,8.62738331464067e-05,0.0004452359750667854
politically	1,0,0.0001725476662928134,7.420599584446424e-05
poors	1,0,0.0001725476662928134,7.420599584446424e-05
portion	1,0,0.0001725476662928134,7.420599584446424e-05
possibility	1,2,0.0001725476662928134,0.0002226179875333927
postal	0,1,8.62738331464067e-05,0.00014841199168892847
posts	0,1,8.62738331464067e-05,0.00014841199168892847
potency	0,1,8.62738331464067e-05,0.00014841199168892847
pounds	0,1,8.62738331464067e-05,0.00014841199168892847
power	17,1,0.0015529289966353206,0.00014841199168892847
powered	0,2,8.62738331464067e-05,0.0002226179875333927
powerful	0,5,8.62738331464067e-05,0.0004452359750667854
ppmfztdtet	0,1,8.62738331464067e-05,0.00014841199168892847
prager	1,0,0.0001725476662928134,7.420599584446424e-05
preferred	0,2,8.62738331464067e-05,0.0002226179875333927
premiere	0,2,8.62738331464067e-05,0.0002226179875333927
premium	0,3,8.62738331464067e-05,0.00029682398337785694
prepared	0,2,8.62738331464067e-05,0.0002226179875333927
president	6,0,0.0006039168320248468,7.420599584446424e-05
press	1,2,0.0001725476662928134,0.0002226179875333927
pressured	2,0,0.0002588214994392201,7.420599584446424e-05
presumed	1,0,0.0001725476662928134,7.420599584446424e-05
pretty	4,0,0.0004313691657320335,7.420599584446424e-05
previous	9,0,0.000862738331464067,7.420599584446424e-05
prez	1,0,0.0001725476662928134,7.420599584446424e-05
principal	2,0,0.0002588214994392201,7.420599584446424e-05
print	0,1,8.62738331464067e-05,0.00014841199168892847
privileged	1,0,0.0001725476662928134,7.420599584446424e-05
process	6,5,0.0006039168320248468,0.0004452359750667854
processed	0,1,8.62738331464067e-05,0.00014841199168892847
processes	2,0,0.0002588214994392201,7.420599584446424e-05
processing	4,4,0.0004313691657320335,0.00037102997922232116
processor	0,1,8.62738331464067e-05,0.00014841199168892847
producers	2,0,0.0002588214994392201,7.420599584446424e-05
producing	1,0,0.0001725476662928134,7.420599584446424e-05
products	6,12,0.0006039168320248468,0.000964677945978035
professional	0,12,8.62738331464067e-05,0.000964677945978035
professor	0,1,8.62738331464067e-05,0.00014841199168892847
programs	2,7,0.0002588214994392201,0.0005936479667557139
proliferation	2,0,0.0002588214994392201,7.420599584446424e-05
promise	0,1,8.62738331464067e-05,0.00014841199168892847
prompt	0,1,8.62738331464067e-05,0.00014841199168892847
properly	0,2,8.62738331464067e-05,0.0002226179875333927
prosper	0,1,8.62738331464067e-05,0.00014841199168892847
prostaff	1,0,0.0001725476662928134,7.420599584446424e-05
protest	2,0,0.0002588214994392201,7.420599584446424e-05
protesting	1,0,0.0001725476662928134,7.420599584446424e-05
provide	7,6,0.0006901906651712536,0.0005194419709112497
provider	0,2,8.62738331464067e-05,0.0002226179875333927
proxy	0,7,8.62738331464067e-05,0.0005936479667557139
ps	0,1,8.62738331464067e-05,0.00014841199168892847
pulp	1,0,0.0001725476662928134,7.420599584446424e-05
purchased	0,1,8.62738331464067e-05,0.00014841199168892847
purchases	2,1,0.0002588214994392201,0.00014841199168892847
purchasing	1,1,0.0001725476662928134,0.00014841199168892847
purpose	3,3,0.0003450953325856268,0.00029682398337785694
pursuing	1,0,0.0001725476662928134,7.420599584446424e-05
putpeel	0,6,8.62738331464067e-05,0.0005194419709112497
q	2,3,0.0002588214994392201,0.00029682398337785694
qualification	0,1,8.62738331464067e-05,0.00014841199168892847
qualityproducts	0,1,8.62738331464067e-05,0.00014841199168892847
quark	0,1,8.62738331464067e-05,0.00014841199168892847
quickly	2,3,0.0002588214994392201,0.00029682398337785694
raised	0,2,8.62738331464067e-05,0.0002226179875333927
raises	0,2,8.62738331464067e-05,0.0002226179875333927
raising	0,1,8.62738331464067e-05,0.00014841199168892847
ram	0,1,8.62738331464067e-05,0.00014841199168892847
ranch	8,0,0.0007764644983176603,7.420599584446424e-05
randall	2,0,0.0002588214994392201,7.420599584446424e-05
randy	1,0,0.0001725476662928134,7.420599584446424e-05
rate	18,5,0.0016392028297817272,0.0004452359750667854
ravi	6,0,0.0006039168320248468,7.420599584446424e-05
ray	3,0,0.0003450953325856268,7.420599584446424e-05
re	23,9,0.0020705719955137606,0.0007420599584446423
reach	2,3,0.0002588214994392201,0.00029682398337785694
reached	1,1,0.0001725476662928134,0.00014841199168892847
reaching	1,0,0.0001725476662928134,7.420599584446424e-05
reads	0,2,8.62738331464067e-05,0.0002226179875333927
ready	2,3,0.0002588214994392201,0.00029682398337785694
reasonable	0,2,8.62738331464067e-05,0.0002226179875333927
reassigned	1,0,0.0001725476662928134,7.420599584446424e-05
receipts	0,1,8.62738331464067e-05,0.00014841199168892847
received	3,2,0.0003450953325856268,0.0002226179875333927
receives	3,0,0.0003450953325856268,7.420599584446424e-05
receiving	0,4,8.62738331464067e-05,0.00037102997922232116
recent	2,1,0.0002588214994392201,0.00014841199168892847
recieved	0,1,8.62738331464067e-05,0.00014841199168892847
recover	2,0,0.0002588214994392201,7.420599584446424e-05
redhat	0,1,8.62738331464067e-05,0.00014841199168892847
reduce	0,1,8.62738331464067e-05,0.00014841199168892847
references	0,1,8.62738331464067e-05,0.00014841199168892847
reflux	0,1,8.62738331464067e-05,0.00014841199168892847
refuse	0,1,8.62738331464067e-05,0.00014841199168892847
regard	5,2,0.0005176429988784402,0.0002226179875333927
regarding	2,0,0.0002588214994392201,7.420599584446424e-05
region	5,1,0.0005176429988784402,0.00014841199168892847
registered	2,1,0.0002588214994392201,0.00014841199168892847
reins	0,1,8.62738331464067e-05,0.00014841199168892847
reiterate	1,0,0.0001725476662928134,7.420599584446424e-05
rejoice	0,1,8.62738331464067e-05,0.00014841199168892847
related	1,0,0.0001725476662928134,7.420599584446424e-05
relates	0,1,8.62738331464067e-05,0.00014841199168892847
relating	2,0,0.0002588214994392201,7.420599584446424e-05
relations	3,0,0.0003450953325856268,7.420599584446424e-05
relationship	2,2,0.0002588214994392201,0.0002226179875333927
relative	2,0,0.0002588214994392201,7.420599584446424e-05
relegated	0,1,8.62738331464067e-05,0.00014841199168892847
relieved	0,1,8.62738331464067e-05,0.00014841199168892847
relieves	0,1,8.62738331464067e-05,0.00014841199168892847
reminder	1,0,0.0001725476662928134,7.420599584446424e-05
removal	0,1,8.62738331464067e-05,0.00014841199168892847
rennie	1,0,0.0001725476662928134,7.420599584446424e-05
replay	2,0,0.0002588214994392201,7.420599584446424e-05
report	9,2,0.000862738331464067,0.0002226179875333927
reporting	7,0,0.0006901906651712536,7.420599584446424e-05
requirements	3,0,0.0003450953325856268,7.420599584446424e-05
research	5,0,0.0005176429988784402,7.420599584446424e-05
resell	0,1,8.62738331464067e-05,0.00014841199168892847
reservation	1,0,0.0001725476662928134,7.420599584446424e-05
reserve	0,2,8.62738331464067e-05,0.0002226179875333927
residents	0,1,8.62738331464067e-05,0.00014841199168892847
resistance	0,1,8.62738331464067e-05,0.00014841199168892847
resort	2,0,0.0002588214994392201,7.420599584446424e-05
resource	2,3,0.0002588214994392201,0.00029682398337785694
resourceful	0,1,8.62738331464067e-05,0.00014841199168892847
resourcestocks	0,1,8.62738331464067e-05,0.00014841199168892847
respect	1,2,0.0001725476662928134,0.0002226179875333927
respected	0,1,8.62738331464067e-05,0.00014841199168892847
respective	2,0,0.0002588214994392201,7.420599584446424e-05
responsibilites	2,0,0.0002588214994392201,7.420599584446424e-05
responsibilities	5,0,0.0005176429988784402,7.420599584446424e-05
responsible	4,0,0.0004313691657320335,7.420599584446424e-05
rest	0,4,8.62738331464067e-05,0.00037102997922232116
result	1,0,0.0001725476662928134,7.420599584446424e-05
resulted	0,2,8.62738331464067e-05,0.0002226179875333927
retail	2,1,0.0002588214994392201,0.00014841199168892847
retains	2,0,0.0002588214994392201,7.420599584446424e-05
reviews	2,4,0.0002588214994392201,0.00037102997922232116
rewrite	0,2,8.62738331464067e-05,0.0002226179875333927
rich	0,1,8.62738331464067e-05,0.00014841199168892847
rick	5,0,0.0005176429988784402,7.420599584446424e-05
ridiculous	0,1,8.62738331464067e-05,0.00014841199168892847
riedel	1,0,0.0001725476662928134,7.420599584446424e-05
right	2,13,0.0002588214994392201,0.0010388839418224993
road	0,2,8.62738331464067e-05,0.0002226179875333927
rob	0,3,8.62738331464067e-05,0.00029682398337785694
rock	0,2,8.62738331464067e-05,0.0002226179875333927
rodgers	1,0,0.0001725476662928134,7.420599584446424e-05
rohan	1,0,0.0001725476662928134,7.420599584446424e-05
role	13,0,0.0012078336640496937,7.420599584446424e-05
rosenfield	1,0,0.0001725476662928134,7.420599584446424e-05
ross	4,0,0.0004313691657320335,7.420599584446424e-05
rsa	0,1,8.62738331464067e-05,0.00014841199168892847
rsbaker	1,0,0.0001725476662928134,7.420599584446424e-05
rto	1,0,0.0001725476662928134,7.420599584446424e-05
rtol	1,0,0.0001725476662928134,7.420599584446424e-05
ruanda	0,1,8.62738331464067e-05,0.00014841199168892847
rub	0,1,8.62738331464067e-05,0.00014841199168892847
ruin	0,1,8.62738331464067e-05,0.00014841199168892847
rule	1,0,0.0001725476662928134,7.420599584446424e-05
run	0,1,8.62738331464067e-05,0.00014841199168892847
ruzika	1,0,0.0001725476662928134,7.420599584446424e-05
rw	0,1,8.62738331464067e-05,0.00014841199168892847
sa	4,0,0.0004313691657320335,7.420599584446424e-05
safely	0,2,8.62738331464067e-05,0.0002226179875333927
sales	2,41,0.0002588214994392201,0.003116651825467498
salomon	2,0,0.0002588214994392201,7.420599584446424e-05
same	0,6,8.62738331464067e-05,0.0005194419709112497
samer	5,0,0.0005176429988784402,7.420599584446424e-05
samuel	1,0,0.0001725476662928134,7.420599584446424e-05
sand	0,1,8.62738331464067e-05,0.00014841199168892847
sang	0,1,8.62738331464067e-05,0.00014841199168892847
sanibel	1,0,0.0001725476662928134,7.420599584446424e-05
sapphire	1,0,0.0001725476662928134,7.420599584446424e-05
satisfied	0,2,8.62738331464067e-05,0.0002226179875333927
save	0,8,8.62738331464067e-05,0.0006678539626001781
savvy	0,1,8.62738331464067e-05,0.00014841199168892847
scampbell	1,0,0.0001725476662928134,7.420599584446424e-05
schedule	6,0,0.0006039168320248468,7.420599584446424e-05
scott	1,0,0.0001725476662928134,7.420599584446424e-05
screamed	0,1,8.62738331464067e-05,0.00014841199168892847
screaming	0,1,8.62738331464067e-05,0.00014841199168892847
screwball	0,1,8.62738331464067e-05,0.00014841199168892847
sdba	1,0,0.0001725476662928134,7.420599584446424e-05
secrets	0,2,8.62738331464067e-05,0.0002226179875333927
sector	2,1,0.0002588214994392201,0.00014841199168892847
secure	1,1,0.0001725476662928134,0.00014841199168892847
securities	2,0,0.0002588214994392201,7.420599584446424e-05
see	6,22,0.0006039168320248468,0.0017067379044226774
seeing	1,0,0.0001725476662928134,7.420599584446424e-05
sellens	1,0,0.0001725476662928134,7.420599584446424e-05
sellinternetaccess	0,4,8.62738331464067e-05,0.00037102997922232116
semester	1,0,0.0001725476662928134,7.420599584446424e-05
sen	1,0,0.0001725476662928134,7.420599584446424e-05
senator	4,0,0.0004313691657320335,7.420599584446424e-05
senior	9,2,0.000862738331464067,0.0002226179875333927
sense	1,2,0.0001725476662928134,0.0002226179875333927
sensitive	2,0,0.0002588214994392201,7.420599584446424e-05
sentences	0,4,8.62738331464067e-05,0.00037102997922232116
sentiment	0,1,8.62738331464067e-05,0.00014841199168892847
sessions	2,0,0.0002588214994392201,7.420599584446424e-05
set	7,6,0.0006901906651712536,0.0005194419709112497
setbacks	0,1,8.62738331464067e-05,0.00014841199168892847
settlements	2,0,0.0002588214994392201,7.420599584446424e-05
seven	2,1,0.0002588214994392201,0.00014841199168892847
seventhpower	0,3,8.62738331464067e-05,0.00029682398337785694
severe	0,1,8.62738331464067e-05,0.00014841199168892847
she	13,1,0.0012078336640496937,0.00014841199168892847
sherlyn	3,0,0.0003450953325856268,7.420599584446424e-05
sherri	1,0,0.0001725476662928134,7.420599584446424e-05
shift	1,1,0.0001725476662928134,0.00014841199168892847
shipped	0,1,8.62738331464067e-05,0.00014841199168892847
shipping	0,1,8.62738331464067e-05,0.00014841199168892847
shoot	0,1,8.62738331464067e-05,0.00014841199168892847
shopping	0,1,8.62738331464067e-05,0.00014841199168892847
short	1,4,0.0001725476662928134,0.00037102997922232116
shot	0,1,8.62738331464067e-05,0.00014841199168892847
show	4,2,0.0004313691657320335,0.0002226179875333927
shut	1,0,0.0001725476662928134,7.420599584446424e-05
shwc	0,1,8.62738331464067e-05,0.00014841199168892847
sibilant	0,1,8.62738331464067e-05,0.00014841199168892847
sides	0,1,8.62738331464067e-05,0.00014841199168892847
sillily	0,1,8.62738331464067e-05,0.00014841199168892847
similes	0,1,8.62738331464067e-05,0.00014841199168892847
simple	2,6,0.0002588214994392201,0.0005194419709112497
since	9,1,0.000862738331464067,0.00014841199168892847
sincerely	1,1,0.0001725476662928134,0.00014841199168892847
sink	1,0,0.0001725476662928134,7.420599584446424e-05
sitara	2,0,0.0002588214994392201,7.420599584446424e-05
site	5,36,0.0005176429988784402,0.0027456218462451765
situation	0,4,8.62738331464067e-05,0.00037102997922232116
size	0,5,8.62738331464067e-05,0.0004452359750667854
skin	0,1,8.62738331464067e-05,0.00014841199168892847
slash	0,1,8.62738331464067e-05,0.00014841199168892847
slaver	0,1,8.62738331464067e-05,0.00014841199168892847
slotting	0,1,8.62738331464067e-05,0.00014841199168892847
slower	1,0,0.0001725476662928134,7.420599584446424e-05
smaller	3,3,0.0003450953325856268,0.00029682398337785694
sneak	0,2,8.62738331464067e-05,0.0002226179875333927
socal	4,0,0.0004313691657320335,7.420599584446424e-05
softtwares	0,2,8.62738331464067e-05,0.0002226179875333927
software	0,10,8.62738331464067e-05,0.0008162659542891065
sold	0,2,8.62738331464067e-05,0.0002226179875333927
solid	0,1,8.62738331464067e-05,0.00014841199168892847
solution	0,2,8.62738331464067e-05,0.0002226179875333927
solved	0,1,8.62738331464067e-05,0.00014841199168892847
someone	1,6,0.0001725476662928134,0.0005194419709112497
something	4,3,0.0004313691657320335,0.00029682398337785694
somewhat	0,1,8.62738331464067e-05,0.00014841199168892847
songs	1,0,0.0001725476662928134,7.420599584446424e-05
sorry	2,0,0.0002588214994392201,7.420599584446424e-05
sos	1,0,0.0001725476662928134,7.420599584446424e-05
sotware	0,1,8.62738331464067e-05,0.00014841199168892847
sounds	1,0,0.0001725476662928134,7.420599584446424e-05
south	5,9,0.0005176429988784402,0.0007420599584446423
southernenergy	2,0,0.0002588214994392201,7.420599584446424e-05
sp	0,1,8.62738331464067e-05,0.00014841199168892847
space	0,6,8.62738331464067e-05,0.0005194419709112497
spare	1,0,0.0001725476662928134,7.420599584446424e-05
spark	2,0,0.0002588214994392201,7.420599584446424e-05
special	1,9,0.0001725476662928134,0.0007420599584446423
speeds	0,1,8.62738331464067e-05,0.00014841199168892847
spent	2,1,0.0002588214994392201,0.00014841199168892847
spoken	2,0,0.0002588214994392201,7.420599584446424e-05
sponsor	0,2,8.62738331464067e-05,0.0002226179875333927
sponsoring	0,1,8.62738331464067e-05,0.00014841199168892847
spring	0,1,8.62738331464067e-05,0.00014841199168892847
squeeze	1,0,0.0001725476662928134,7.420599584446424e-05
srs	1,0,0.0001725476662928134,7.420599584446424e-05
ss	0,1,8.62738331464067e-05,0.00014841199168892847
ssmb	1,0,0.0001725476662928134,7.420599584446424e-05
stable	0,1,8.62738331464067e-05,0.00014841199168892847
stad	0,1,8.62738331464067e-05,0.00014841199168892847
stake	0,1,8.62738331464067e-05,0.00014841199168892847
stars	0,1,8.62738331464067e-05,0.00014841199168892847
state	16,4,0.001466655163488914,0.00037102997922232116
station	0,2,8.62738331464067e-05,0.0002226179875333927
stay	1,0,0.0001725476662928134,7.420599584446424e-05
stayed	1,0,0.0001725476662928134,7.420599584446424e-05
steadily	0,1,8.62738331464067e-05,0.00014841199168892847
steak	0,1,8.62738331464067e-05,0.00014841199168892847
steeves	0,2,8.62738331464067e-05,0.0002226179875333927
stentofon	2,0,0.0002588214994392201,7.420599584446424e-05
steve	3,0,0.0003450953325856268,7.420599584446424e-05
stick	1,1,0.0001725476662928134,0.00014841199168892847
stinson	8,0,0.0007764644983176603,7.420599584446424e-05
stock	3,2,0.0003450953325856268,0.0002226179875333927
stopping	0,2,8.62738331464067e-05,0.0002226179875333927
stratagem	0,1,8.62738331464067e-05,0.00014841199168892847
streams	0,1,8.62738331464067e-05,0.00014841199168892847
striking	1,0,0.0001725476662928134,7.420599584446424e-05
stronger	1,0,0.0001725476662928134,7.420599584446424e-05
stroock	1,0,0.0001725476662928134,7.420599584446424e-05
struck	1,1,0.0001725476662928134,0.00014841199168892847
students	0,4,8.62738331464067e-05,0.00037102997922232116
stupid	0,1,8.62738331464067e-05,0.00014841199168892847
stupidity	0,1,8.62738331464067e-05,0.00014841199168892847
subconsciously	0,1,8.62738331464067e-05,0.00014841199168892847
subject	36,10,0.0031921318264170476,0.0008162659542891065
submitted	1,0,0.0001725476662928134,7.420599584446424e-05
subscribe	0,7,8.62738331464067e-05,0.0005936479667557139
success	4,4,0.0004313691657320335,0.00037102997922232116
successes	0,1,8.62738331464067e-05,0.00014841199168892847
successful	0,10,8.62738331464067e-05,0.0008162659542891065
suggest	1,1,0.0001725476662928134,0.00014841199168892847
suggested	1,0,0.0001725476662928134,7.420599584446424e-05
suggestions	0,3,8.62738331464067e-05,0.00029682398337785694
suite	1,3,0.0001725476662928134,0.00029682398337785694
sum	0,2,8.62738331464067e-05,0.0002226179875333927
summary	3,0,0.0003450953325856268,7.420599584446424e-05
summer	0,3,8.62738331464067e-05,0.00029682398337785694
summit	1,0,0.0001725476662928134,7.420599584446424e-05
sup	0,1,8.62738331464067e-05,0.00014841199168892847
superman	0,1,8.62738331464067e-05,0.00014841199168892847
supplier	2,0,0.0002588214994392201,7.420599584446424e-05
support	8,2,0.0007764644983176603,0.0002226179875333927
supported	1,0,0.0001725476662928134,7.420599584446424e-05
supporting	2,1,0.0002588214994392201,0.00014841199168892847
surfola	0,4,8.62738331464067e-05,0.00037102997922232116
surged	0,1,8.62738331464067e-05,0.00014841199168892847
surgery	0,1,8.62738331464067e-05,0.00014841199168892847
survey	0,1,8.62738331464067e-05,0.00014841199168892847
susan	7,0,0.0006901906651712536,7.420599584446424e-05
suzms	0,1,8.62738331464067e-05,0.00014841199168892847
swap	0,2,8.62738331464067e-05,0.0002226179875333927
swidner	1,0,0.0001725476662928134,7.420599584446424e-05
swift	2,0,0.0002588214994392201,7.420599584446424e-05
swiss	2,0,0.0002588214994392201,7.420599584446424e-05
switchman	0,1,8.62738331464067e-05,0.00014841199168892847
sydney	1,1,0.0001725476662928134,0.00014841199168892847
symaantec	0,1,8.62738331464067e-05,0.00014841199168892847
system	10,2,0.0009490121646104736,0.0002226179875333927
systemslogical	0,1,8.62738331464067e-05,0.00014841199168892847
t	10,47,0.0009490121646104736,0.003561887800534283
takes	0,6,8.62738331464067e-05,0.0005194419709112497
taking	2,2,0.0002588214994392201,0.0002226179875333927
talk	2,3,0.0002588214994392201,0.00029682398337785694
talked	1,0,0.0001725476662928134,7.420599584446424e-05
talking	0,2,8.62738331464067e-05,0.0002226179875333927
target	1,8,0.0001725476662928134,0.0006678539626001781
targeted	0,10,8.62738331464067e-05,0.0008162659542891065
targeting	0,1,8.62738331464067e-05,0.00014841199168892847
tarrin	0,1,8.62738331464067e-05,0.00014841199168892847
taught	0,1,8.62738331464067e-05,0.00014841199168892847
tea	0,2,8.62738331464067e-05,0.0002226179875333927
tells	0,1,8.62738331464067e-05,0.00014841199168892847
tempted	0,1,8.62738331464067e-05,0.00014841199168892847
tenderer	0,1,8.62738331464067e-05,0.00014841199168892847
term	5,1,0.0005176429988784402,0.00014841199168892847
terry	0,1,8.62738331464067e-05,0.00014841199168892847
texaco	6,0,0.0006039168320248468,7.420599584446424e-05
texture	0,1,8.62738331464067e-05,0.00014841199168892847
tgary	1,0,0.0001725476662928134,7.420599584446424e-05
themselves	1,2,0.0001725476662928134,0.0002226179875333927
then	2,25,0.0002588214994392201,0.00192935589195607
theqgrefor	0,1,8.62738331464067e-05,0.00014841199168892847
there	20,24,0.0018117504960745406,0.0018551498961116059
things	2,5,0.0002588214994392201,0.0004452359750667854
think	4,7,0.0004313691657320335,0.0005936479667557139
third	1,2,0.0001725476662928134,0.0002226179875333927
this	99,90,0.00862738331464067,0.006752745621846246
thoroughly	1,0,0.0001725476662928134,7.420599584446424e-05
three	5,8,0.0005176429988784402,0.0006678539626001781
thrid	0,1,8.62738331464067e-05,0.00014841199168892847
thursday	5,2,0.0005176429988784402,0.0002226179875333927
thus	1,0,0.0001725476662928134,7.420599584446424e-05
ticket	1,0,0.0001725476662928134,7.420599584446424e-05
tidbits	0,1,8.62738331464067e-05,0.00014841199168892847
till	1,0,0.0001725476662928134,7.420599584446424e-05
tilts	0,1,8.62738331464067e-05,0.00014841199168892847
time	13,18,0.0012078336640496937,0.0014099139210448203
tired	0,2,8.62738331464067e-05,0.0002226179875333927
tires	0,3,8.62738331464067e-05,0.00029682398337785694
tithable	0,1,8.62738331464067e-05,0.00014841199168892847
tlapek	5,0,0.0005176429988784402,7.420599584446424e-05
to	350,420,0.03028211543438875,0.031240724250519443
tobacco	0,2,8.62738331464067e-05,0.0002226179875333927
today	7,22,0.0006901906651712536,0.0017067379044226774
together	1,4,0.0001725476662928134,0.00037102997922232116
tokyo	1,0,0.0001725476662928134,7.420599584446424e-05
toll	0,2,8.62738331464067e-05,0.0002226179875333927
tommy	1,0,0.0001725476662928134,7.420599584446424e-05
tomorrow	5,0,0.0005176429988784402,7.420599584446424e-05
tonne	0,1,8.62738331464067e-05,0.00014841199168892847
too	2,9,0.0002588214994392201,0.0007420599584446423
tool	1,1,0.0001725476662928134,0.00014841199168892847
toolbar	0,7,8.62738331464067e-05,0.0005936479667557139
tortoises	0,1,8.62738331464067e-05,0.00014841199168892847
total	2,3,0.0002588214994392201,0.00029682398337785694
tr	0,1,8.62738331464067e-05,0.00014841199168892847
track	0,3,8.62738331464067e-05,0.00029682398337785694
tracked	1,0,0.0001725476662928134,7.420599584446424e-05
tradition	1,0,0.0001725476662928134,7.420599584446424e-05
train	0,7,8.62738331464067e-05,0.0005936479667557139
training	7,1,0.0006901906651712536,0.00014841199168892847
transaction	1,1,0.0001725476662928134,0.00014841199168892847
transfer	0,6,8.62738331464067e-05,0.0005194419709112497
transferred	2,0,0.0002588214994392201,7.420599584446424e-05
transistion	5,0,0.0005176429988784402,7.420599584446424e-05
transmission	10,0,0.0009490121646104736,7.420599584446424e-05
transportation	2,0,0.0002588214994392201,7.420599584446424e-05
travis	1,0,0.0001725476662928134,7.420599584446424e-05
treatment	0,1,8.62738331464067e-05,0.00014841199168892847
treats	0,1,8.62738331464067e-05,0.00014841199168892847
tricky	0,1,8.62738331464067e-05,0.00014841199168892847
tried	4,1,0.0004313691657320335,0.00014841199168892847
trina	1,0,0.0001725476662928134,7.420599584446424e-05
triple	0,1,8.62738331464067e-05,0.00014841199168892847
trust	0,2,8.62738331464067e-05,0.0002226179875333927
trusted	0,1,8.62738331464067e-05,0.00014841199168892847
tuesday	4,0,0.0004313691657320335,7.420599584446424e-05
twenty	1,2,0.0001725476662928134,0.0002226179875333927
tx	1,1,0.0001725476662928134,0.00014841199168892847
txu	2,0,0.0002588214994392201,7.420599584446424e-05
txuelectric	1,0,0.0001725476662928134,7.420599584446424e-05
uk	0,2,8.62738331464067e-05,0.0002226179875333927
ult	0,1,8.62738331464067e-05,0.00014841199168892847
unclear	1,0,0.0001725476662928134,7.420599584446424e-05
under	11,8,0.0010352859977568803,0.0006678539626001781
undercollection	4,0,0.0004313691657320335,7.420599584446424e-05
underneath	0,1,8.62738331464067e-05,0.00014841199168892847
underwrite	0,1,8.62738331464067e-05,0.00014841199168892847
units	4,0,0.0004313691657320335,7.420599584446424e-05
unlimited	0,4,8.62738331464067e-05,0.00037102997922232116
unrealistic	2,0,0.0002588214994392201,7.420599584446424e-05
unsubscribed	0,1,8.62738331464067e-05,0.00014841199168892847
untouchable	1,0,0.0001725476662928134,7.420599584446424e-05
upcoming	1,0,0.0001725476662928134,7.420599584446424e-05
upgradeable	0,3,8.62738331464067e-05,0.00029682398337785694
upping	0,1,8.62738331464067e-05,0.00014841199168892847
upward	0,1,8.62738331464067e-05,0.00014841199168892847
usage	1,3,0.0001725476662928134,0.00029682398337785694
utility	6,0,0.0006039168320248468,7.420599584446424e-05
uuz	0,1,8.62738331464067e-05,0.00014841199168892847
uvd	0,1,8.62738331464067e-05,0.00014841199168892847
uz	0,1,8.62738331464067e-05,0.00014841199168892847
val	0,2,8.62738331464067e-05,0.0002226179875333927
valeria	1,0,0.0001725476662928134,7.420599584446424e-05
validate	1,0,0.0001725476662928134,7.420599584446424e-05
valley	0,2,8.62738331464067e-05,0.0002226179875333927
valuables	0,2,8.62738331464067e-05,0.0002226179875333927
valued	1,0,0.0001725476662928134,7.420599584446424e-05
var	1,0,0.0001725476662928134,7.420599584446424e-05
vasant	5,0,0.0005176429988784402,7.420599584446424e-05
vein	0,1,8.62738331464067e-05,0.00014841199168892847
versus	1,1,0.0001725476662928134,0.00014841199168892847
via	6,2,0.0006039168320248468,0.0002226179875333927
view	5,5,0.0005176429988784402,0.0004452359750667854
villarreal	1,0,0.0001725476662928134,7.420599584446424e-05
vince	15,0,0.0013803813303425072,7.420599584446424e-05
visitors	0,1,8.62738331464067e-05,0.00014841199168892847
visits	0,1,8.62738331464067e-05,0.00014841199168892847
volumes	1,0,0.0001725476662928134,7.420599584446424e-05
vote	0,7,8.62738331464067e-05,0.0005936479667557139
vp	1,0,0.0001725476662928134,7.420599584446424e-05
vs	1,0,0.0001725476662928134,7.420599584446424e-05
w	6,4,0.0006039168320248468,0.00037102997922232116
wacked	1,0,0.0001725476662928134,7.420599584446424e-05
waggons	0,1,8.62738331464067e-05,0.00014841199168892847
wait	1,1,0.0001725476662928134,0.00014841199168892847
walked	0,1,8.62738331464067e-05,0.00014841199168892847
wallow	0,1,8.62738331464067e-05,0.00014841199168892847
wants	1,1,0.0001725476662928134,0.00014841199168892847
warrant	1,0,0.0001725476662928134,7.420599584446424e-05
waste	0,1,8.62738331464067e-05,0.00014841199168892847
watchfully	0,1,8.62738331464067e-05,0.00014841199168892847
watson	1,0,0.0001725476662928134,7.420599584446424e-05
ways	0,8,8.62738331464067e-05,0.0006678539626001781
wbom	1,0,0.0001725476662928134,7.420599584446424e-05
weather	1,0,0.0001725476662928134,7.420599584446424e-05
webpage	0,4,8.62738331464067e-05,0.00037102997922232116
website	0,24,8.62738331464067e-05,0.0018551498961116059
wedeliverparties	0,1,8.62738331464067e-05,0.00014841199168892847
week	13,16,0.0012078336640496937,0.0012615019293558919
weightwheezy	0,1,8.62738331464067e-05,0.00014841199168892847
went	1,2,0.0001725476662928134,0.0002226179875333927
western	3,3,0.0003450953325856268,0.00029682398337785694
westerngas	1,0,0.0001725476662928134,7.420599584446424e-05
westward	0,1,8.62738331464067e-05,0.00014841199168892847
wfxu	0,1,8.62738331464067e-05,0.00014841199168892847
whalley	3,0,0.0003450953325856268,7.420599584446424e-05
whats	0,1,8.62738331464067e-05,0.00014841199168892847
when	10,19,0.0009490121646104736,0.0014841199168892847
where	3,4,0.0003450953325856268,0.00037102997922232116
whereby	2,0,0.0002588214994392201,7.420599584446424e-05
whooping	0,1,8.62738331464067e-05,0.00014841199168892847
why	0,10,8.62738331464067e-05,0.0008162659542891065
wide	0,1,8.62738331464067e-05,0.00014841199168892847
widow	0,2,8.62738331464067e-05,0.0002226179875333927
wijsman	1,0,0.0001725476662928134,7.420599584446424e-05
will	113,69,0.009835216978690364,0.005194419709112497
williams	7,0,0.0006901906651712536,7.420599584446424e-05
willing	0,1,8.62738331464067e-05,0.00014841199168892847
wilson	2,0,0.0002588214994392201,7.420599584446424e-05
wind	1,0,0.0001725476662928134,7.420599584446424e-05
windows	0,12,8.62738331464067e-05,0.000964677945978035
windred	0,1,8.62738331464067e-05,0.00014841199168892847
wing	1,0,0.0001725476662928134,7.420599584446424e-05
winner	0,3,8.62738331464067e-05,0.00029682398337785694
wish	0,5,8.62738331464067e-05,0.0004452359750667854
wishes	1,0,0.0001725476662928134,7.420599584446424e-05
wishing	1,0,0.0001725476662928134,7.420599584446424e-05
within	12,8,0.001121559830903287,0.0006678539626001781
without	0,8,8.62738331464067e-05,0.0006678539626001781
woo	1,0,0.0001725476662928134,7.420599584446424e-05
works	3,5,0.0003450953325856268,0.0004452359750667854
worldwide	4,4,0.0004313691657320335,0.00037102997922232116
worse	0,1,8.62738331464067e-05,0.00014841199168892847
worst	1,0,0.0001725476662928134,7.420599584446424e-05
wouldn	0,4,8.62738331464067e-05,0.00037102997922232116
wound	0,1,8.62738331464067e-05,0.00014841199168892847
wr	0,1,8.62738331464067e-05,0.00014841199168892847
wrinkle	0,1,8.62738331464067e-05,0.00014841199168892847
wrong	0,1,8.62738331464067e-05,0.00014841199168892847
wugn	0,1,8.62738331464067e-05,0.00014841199168892847
wyn	0,2,8.62738331464067e-05,0.0002226179875333927
wynpublishing	0,1,8.62738331464067e-05,0.00014841199168892847
xpress	0,1,8.62738331464067e-05,0.00014841199168892847
xqirzd	0,1,8.62738331464067e-05,0.00014841199168892847
years	13,2,0.0012078336640496937,0.0002226179875333927
yellow	0,1,8.62738331464067e-05,0.00014841199168892847
yesterday	7,0,0.0006901906651712536,7.420599584446424e-05
yet	1,1,0.0001725476662928134,0.00014841199168892847
yjoou	0,1,8.62738331464067e-05,0.00014841199168892847
yours	0,1,8.62738331464067e-05,0.00014841199168892847
ypfpb	0,1,8.62738331464067e-05,0.00014841199168892847
z	0,1,8.62738331464067e-05,0.00014841199168892847
zadorozhny	4,0,0.0004313691657320335,7.420599584446424e-05
zimin	5,0,0.0005176429988784402,7.420599584446424e-05
zo	0,1,8.62738331464067e-05,0.00014841199168892847
ClassPriors	47,33,0.5875,0.4125
